<?xml version="1.0" encoding="utf-8"?>
<Component xmlns:xsi="http://www.w3.org/2001/XMLSchema-instance" xmlns:xsd="http://www.w3.org/2001/XMLSchema">
  <Description>Sample Test File</Description>
  <ProductID>0xFFF</ProductID>
  <Revision>0x2</Revision>
  <AddressMode>Parameter</AddressMode>
  <Memory>
    <RegisterSize>size_8bits</RegisterSize>
    <AddressSize>size_16bits</AddressSize>
    <Register>
      <Description>Restore After Reboot</Description>
      <Address>0x0</Address>
      <Name>RESTORE</Name>
      <Access>ReadWrite</Access>
    </Register>
    <Field>
      <Description>Restore After Reboot</Description>
      <FieldType>enumeration</FieldType>
      <Name>RESTORE</Name>
      <StartAddress>RESTORE</StartAddress>
      <BitOffset>0</BitOffset>
      <Width>1</Width>
      <Min>0</Min>
      <Max>1</Max>
      <Dictionary>
        <value>0</value>
        <name>Disable</name>
      </Dictionary>
      <Dictionary>
        <value>1</value>
        <name>Enable</name>
      </Dictionary>
    </Field>
  </Memory>
</Component>