<?xml version="1.0" encoding="utf-8"?>
<Component xmlns:xsi="http://www.w3.org/2001/XMLSchema-instance" xmlns:xsd="http://www.w3.org/2001/XMLSchema">
  <Description>General Purpose GUI Sample Register File</Description>
  <ProductID>0xFFF</ProductID>
  <Revision>0x2</Revision>
  <AddressMode>Debug</AddressMode>
  <Memory>
    <RegisterSize>size_8bits</RegisterSize>
    <AddressSize>size_16bits</AddressSize>
    <Register>
      <Description>SMED01 Behaviour Reg</Description>
      <Address>0x5025</Address>
      <Name>MSC_SMDCFG01</Name>
      <Access>ReadWrite</Access>
    </Register>
    <Register>
      <Description>SMED SW Event Reg</Description>
      <Address>0x5028</Address>
      <Name>MSC_SMSWEV</Name>
      <Access>ReadWrite</Access>
    </Register>
    <Register>
      <Description>SMED Use Unlock Reg</Description>
      <Address>0x5029</Address>
      <Name>MSC_SMULOCK</Name>
      <Access>ReadWrite</Access>
    </Register>
    <Register>
      <Description>SMED0 Connect Box Reg</Description>
      <Address>0x502A</Address>
      <Name>MSC_CBOXS0</Name>
      <Access>ReadWrite</Access>
    </Register>
    <Register>
      <Description>SMED1 Connect Box Reg</Description>
      <Address>0x502B</Address>
      <Name>MSC_CBOXS1</Name>
      <Access>ReadWrite</Access>
    </Register>
    <Register>
      <Description>SMED Output MuxCTRL Regs</Description>
      <Address>0x503B</Address>
      <Name>MSC_IOMXP1</Name>
      <Access>ReadWrite</Access>
    </Register>
    <Register>
      <Description>SMED0 Clock Reg</Description>
      <Address>0x50B4</Address>
      <Name>CLK_SMD0</Name>
      <Access>ReadWrite</Access>
    </Register>
    <Register>
      <Description>SMED1 Clock Reg</Description>
      <Address>0x50B5</Address>
      <Name>CLK_SMD1</Name>
      <Access>ReadWrite</Access>
    </Register>
    <Register>
      <Description>SMED Clock CTRL Reg</Description>
      <Address>0x50CA</Address>
      <Name>CLK_PCKENR2</Name>
      <Access>ReadWrite</Access>
    </Register>
    <Register>
      <Description>SMED 0 Control Register</Description>
      <Address>0x5500</Address>
      <Name>SMD0_CTR</Name>
      <Access>ReadWrite</Access>
    </Register>
    <Register>
      <Description>SMED 0 Control Time Register</Description>
      <Address>0x5501</Address>
      <Name>SMD0_CTR_TMR</Name>
      <Access>ReadWrite</Access>
    </Register>
    <Register>
      <Description>SMED 0 Control Input Register</Description>
      <Address>0x5502</Address>
      <Name>SMD0_CTR_INP</Name>
      <Access>ReadWrite</Access>
    </Register>
    <Register>
      <Description>SMED 0 Dithering Register</Description>
      <Address>0x5503</Address>
      <Name>SMD0_CTR_DTH</Name>
      <Access>ReadWrite</Access>
    </Register>
    <Register>
      <Description>SMED 0 Time T0 LSB Register</Description>
      <Address>0x5504</Address>
      <Name>SMD0_TMR_T0L</Name>
      <Access>ReadWrite</Access>
    </Register>
    <Register>
      <Description>SMED 0 Time T0 MSB Register</Description>
      <Address>0x5505</Address>
      <Name>SMD0_TMR_T0H</Name>
      <Access>ReadWrite</Access>
    </Register>
    <Register>
      <Description>SMED 0 Time T1 LSB Register</Description>
      <Address>0x5506</Address>
      <Name>SMD0_TMR_T1L</Name>
      <Access>ReadWrite</Access>
    </Register>
    <Register>
      <Description>SMED 0 Time T1 MSB Register</Description>
      <Address>0x5507</Address>
      <Name>SMD0_TMR_T1H</Name>
      <Access>ReadWrite</Access>
    </Register>
    <Register>
      <Description>SMED 0 Time T2 LSB Register</Description>
      <Address>0x5508</Address>
      <Name>SMD0_TMR_T2L</Name>
      <Access>ReadWrite</Access>
    </Register>
    <Register>
      <Description>SMED 0 Time T2 MSB Register</Description>
      <Address>0x5509</Address>
      <Name>SMD0_TMR_T2H</Name>
      <Access>ReadWrite</Access>
    </Register>
    <Register>
      <Description>SMED 0 Time T3 LSB Register</Description>
      <Address>0x550A</Address>
      <Name>SMD0_TMR_T3L</Name>
      <Access>ReadWrite</Access>
    </Register>
    <Register>
      <Description>SMED 0 Time T3 MSB Register</Description>
      <Address>0x550B</Address>
      <Name>SMD0_TMR_T3H</Name>
      <Access>ReadWrite</Access>
    </Register>
    <Register>
      <Description>SMED 0 State IDLE  Parameter0</Description>
      <Address>0x550C</Address>
      <Name>SMD0_PRM_ID0</Name>
      <Access>ReadWrite</Access>
    </Register>
    <Register>
      <Description>SMED 0 State IDLE  Parameter1</Description>
      <Address>0x550D</Address>
      <Name>SMD0_PRM_ID1</Name>
      <Access>ReadWrite</Access>
    </Register>
    <Register>
      <Description>SMED 0 State IDLE  Parameter2</Description>
      <Address>0x550E</Address>
      <Name>SMD0_PRM_ID2</Name>
      <Access>ReadWrite</Access>
    </Register>
    <Register>
      <Description>SMED 0 State S0  Parameter0</Description>
      <Address>0x550F</Address>
      <Name>SMD0_PRM_S00</Name>
      <Access>ReadWrite</Access>
    </Register>
    <Register>
      <Description>SMED 0 State S0  Parameter1</Description>
      <Address>0x5510</Address>
      <Name>SMD0_PRM_S01</Name>
      <Access>ReadWrite</Access>
    </Register>
    <Register>
      <Description>SMED 0 State S0  Parameter2</Description>
      <Address>0x5511</Address>
      <Name>SMD0_PRM_S02</Name>
      <Access>ReadWrite</Access>
    </Register>
    <Register>
      <Description>SMED 0 State S1  Parameter0</Description>
      <Address>0x5512</Address>
      <Name>SMD0_PRM_S10</Name>
      <Access>ReadWrite</Access>
    </Register>
    <Register>
      <Description>SMED 0 State S1  Parameter1</Description>
      <Address>0x5513</Address>
      <Name>SMD0_PRM_S11</Name>
      <Access>ReadWrite</Access>
    </Register>
    <Register>
      <Description>SMED 0 State S1  Parameter2</Description>
      <Address>0x5514</Address>
      <Name>SMD0_PRM_S12</Name>
      <Access>ReadWrite</Access>
    </Register>
    <Register>
      <Description>SMED 0 State S2  Parameter0</Description>
      <Address>0x5515</Address>
      <Name>SMD0_PRM_S20</Name>
      <Access>ReadWrite</Access>
    </Register>
    <Register>
      <Description>SMED 0 State S2  Parameter1</Description>
      <Address>0x5516</Address>
      <Name>SMD0_PRM_S21</Name>
      <Access>ReadWrite</Access>
    </Register>
    <Register>
      <Description>SMED 0 State S2  Parameter2</Description>
      <Address>0x5517</Address>
      <Name>SMD0_PRM_S22</Name>
      <Access>ReadWrite</Access>
    </Register>
    <Register>
      <Description>SMED 0 State S3  Parameter0</Description>
      <Address>0x5518</Address>
      <Name>SMD0_PRM_S30</Name>
      <Access>ReadWrite</Access>
    </Register>
    <Register>
      <Description>SMED 0 State S3  Parameter1</Description>
      <Address>0x5519</Address>
      <Name>SMD0_PRM_S31</Name>
      <Access>ReadWrite</Access>
    </Register>
    <Register>
      <Description>SMED 0 State S3  Parameter2</Description>
      <Address>0x551A</Address>
      <Name>SMD0_PRM_S32</Name>
      <Access>ReadWrite</Access>
    </Register>
    <Register>
      <Description>SMED 0 Timer Configuration Register</Description>
      <Address>0x551B</Address>
      <Name>SMD0_CFG</Name>
      <Access>ReadWrite</Access>
    </Register>
    <Register>
      <Description>SMED 0 Dump Counter LSB Register</Description>
      <Address>0x551C</Address>
      <Name>SMD0_DMP_L</Name>
      <Access>ReadOnly</Access>
    </Register>
    <Register>
      <Description>SMED 0 Dump Counter MSB Register</Description>
      <Address>0x551D</Address>
      <Name>SMD0_DMP_H</Name>
      <Access>ReadOnly</Access>
    </Register>
    <Register>
      <Description>SMED 0 General Status Register</Description>
      <Address>0x551E</Address>
      <Name>SMD0_GSTS</Name>
      <Access>ReadWrite</Access>
    </Register>
    <Register>
      <Description>SMED 0 Interrupt Request Register</Description>
      <Address>0x551F</Address>
      <Name>SMD0_IRQ</Name>
      <Access>ReadWrite</Access>
    </Register>
    <Register>
      <Description>SMED 0 Interrupt Enable Register</Description>
      <Address>0x5520</Address>
      <Name>SMD0_IER</Name>
      <Access>ReadWrite</Access>
    </Register>
    <Register>
      <Description>SMED 0 External Event Control Register</Description>
      <Address>0x5521</Address>
      <Name>SMD0_ISEL</Name>
      <Access>ReadWrite</Access>
    </Register>
    <Register>
      <Description>SMED 0 Dump Enable Register</Description>
      <Address>0x5522</Address>
      <Name>SMD0_DMP</Name>
      <Access>ReadWrite</Access>
    </Register>
    <Register>
      <Description>SMED 0 FSM Status Register</Description>
      <Address>0x5523</Address>
      <Name>SMD0_FSM_STS</Name>
      <Access>ReadOnly</Access>
    </Register>
    <Register>
      <Description>SMED 1 Control Register</Description>
      <Address>0x5540</Address>
      <Name>SMD1_CTR</Name>
      <Access>ReadWrite</Access>
    </Register>
    <Register>
      <Description>SMED 1 Control Time Register</Description>
      <Address>0x5541</Address>
      <Name>SMD1_CTR_TMR</Name>
      <Access>ReadWrite</Access>
    </Register>
    <Register>
      <Description>SMED 1 Control Input Register</Description>
      <Address>0x5542</Address>
      <Name>SMD1_CTR_INP</Name>
      <Access>ReadWrite</Access>
    </Register>
    <Register>
      <Description>SMED 1 Dithering Register</Description>
      <Address>0x5543</Address>
      <Name>SMD1_CTR_DTH</Name>
      <Access>ReadWrite</Access>
    </Register>
    <Register>
      <Description>SMED 1 Time T0 LSB Register</Description>
      <Address>0x5544</Address>
      <Name>SMD1_TMR_T0L</Name>
      <Access>ReadWrite</Access>
    </Register>
    <Register>
      <Description>SMED 1 Time T0 MSB Register</Description>
      <Address>0x5545</Address>
      <Name>SMD1_TMR_T0H</Name>
      <Access>ReadWrite</Access>
    </Register>
    <Register>
      <Description>SMED 1 Time T1 LSB Register</Description>
      <Address>0x5546</Address>
      <Name>SMD1_TMR_T1L</Name>
      <Access>ReadWrite</Access>
    </Register>
    <Register>
      <Description>SMED 1 Time T1 MSB Register</Description>
      <Address>0x5547</Address>
      <Name>SMD1_TMR_T1H</Name>
      <Access>ReadWrite</Access>
    </Register>
    <Register>
      <Description>SMED 1 Time T2 LSB Register</Description>
      <Address>0x5548</Address>
      <Name>SMD1_TMR_T2L</Name>
      <Access>ReadWrite</Access>
    </Register>
    <Register>
      <Description>SMED 1 Time T2 MSB Register</Description>
      <Address>0x5549</Address>
      <Name>SMD1_TMR_T2H</Name>
      <Access>ReadWrite</Access>
    </Register>
    <Register>
      <Description>SMED 1 Time T3 LSB Register</Description>
      <Address>0x554A</Address>
      <Name>SMD1_TMR_T3L</Name>
      <Access>ReadWrite</Access>
    </Register>
    <Register>
      <Description>SMED 1 Time T3 MSB Register</Description>
      <Address>0x554B</Address>
      <Name>SMD1_TMR_T3H</Name>
      <Access>ReadWrite</Access>
    </Register>
    <Register>
      <Description>SMED 1 State IDLE  Parameter0</Description>
      <Address>0x554C</Address>
      <Name>SMD1_PRM_ID0</Name>
      <Access>ReadWrite</Access>
    </Register>
    <Register>
      <Description>SMED 1 State IDLE  Parameter1</Description>
      <Address>0x554D</Address>
      <Name>SMD1_PRM_ID1</Name>
      <Access>ReadWrite</Access>
    </Register>
    <Register>
      <Description>SMED 1 State IDLE  Parameter2</Description>
      <Address>0x554E</Address>
      <Name>SMD1_PRM_ID2</Name>
      <Access>ReadWrite</Access>
    </Register>
    <Register>
      <Description>SMED 1 State S0  Parameter0</Description>
      <Address>0x554F</Address>
      <Name>SMD1_PRM_S00</Name>
      <Access>ReadWrite</Access>
    </Register>
    <Register>
      <Description>SMED 1 State S0  Parameter1</Description>
      <Address>0x5550</Address>
      <Name>SMD1_PRM_S01</Name>
      <Access>ReadWrite</Access>
    </Register>
    <Register>
      <Description>SMED 1 State S0  Parameter2</Description>
      <Address>0x5551</Address>
      <Name>SMD1_PRM_S02</Name>
      <Access>ReadWrite</Access>
    </Register>
    <Register>
      <Description>SMED 1 State S1  Parameter0</Description>
      <Address>0x5552</Address>
      <Name>SMD1_PRM_S10</Name>
      <Access>ReadWrite</Access>
    </Register>
    <Register>
      <Description>SMED 1 State S1  Parameter1</Description>
      <Address>0x5553</Address>
      <Name>SMD1_PRM_S11</Name>
      <Access>ReadWrite</Access>
    </Register>
    <Register>
      <Description>SMED 1 State S1  Parameter2</Description>
      <Address>0x5554</Address>
      <Name>SMD1_PRM_S12</Name>
      <Access>ReadWrite</Access>
    </Register>
    <Register>
      <Description>SMED 1 State S2  Parameter0</Description>
      <Address>0x5555</Address>
      <Name>SMD1_PRM_S20</Name>
      <Access>ReadWrite</Access>
    </Register>
    <Register>
      <Description>SMED 1 State S2  Parameter1</Description>
      <Address>0x5556</Address>
      <Name>SMD1_PRM_S21</Name>
      <Access>ReadWrite</Access>
    </Register>
    <Register>
      <Description>SMED 1 State S2  Parameter2</Description>
      <Address>0x5557</Address>
      <Name>SMD1_PRM_S22</Name>
      <Access>ReadWrite</Access>
    </Register>
    <Register>
      <Description>SMED 1 State S3  Parameter0</Description>
      <Address>0x5558</Address>
      <Name>SMD1_PRM_S30</Name>
      <Access>ReadWrite</Access>
    </Register>
    <Register>
      <Description>SMED 1 State S3  Parameter1</Description>
      <Address>0x5559</Address>
      <Name>SMD1_PRM_S31</Name>
      <Access>ReadWrite</Access>
    </Register>
    <Register>
      <Description>SMED 1 State S3  Parameter2</Description>
      <Address>0x555A</Address>
      <Name>SMD1_PRM_S32</Name>
      <Access>ReadWrite</Access>
    </Register>
    <Register>
      <Description>SMED 1 Timer Configuration Register</Description>
      <Address>0x555B</Address>
      <Name>SMD1_CFG</Name>
      <Access>ReadWrite</Access>
    </Register>
    <Register>
      <Description>SMED 1 Dump Counter LSB Register</Description>
      <Address>0x555C</Address>
      <Name>SMD1_DMP_L</Name>
      <Access>ReadOnly</Access>
    </Register>
    <Register>
      <Description>SMED 1 Dump Counter MSB Register</Description>
      <Address>0x555D</Address>
      <Name>SMD1_DMP_H</Name>
      <Access>ReadOnly</Access>
    </Register>
    <Register>
      <Description>SMED 1 General Status Register</Description>
      <Address>0x555E</Address>
      <Name>SMD1_GSTS</Name>
      <Access>ReadWrite</Access>
    </Register>
    <Register>
      <Description>SMED 1 Interrupt Request Register</Description>
      <Address>0x555F</Address>
      <Name>SMD1_IRQ</Name>
      <Access>ReadWrite</Access>
    </Register>
    <Register>
      <Description>SMED 1 Interrupt Enable Register</Description>
      <Address>0x5560</Address>
      <Name>SMD1_IER</Name>
      <Access>ReadWrite</Access>
    </Register>
    <Register>
      <Description>SMED 1 External Event Control Register</Description>
      <Address>0x5561</Address>
      <Name>SMD1_ISEL</Name>
      <Access>ReadWrite</Access>
    </Register>
    <Register>
      <Description>SMED 1 Dump Enable Register</Description>
      <Address>0x5562</Address>
      <Name>SMD1_DMP</Name>
      <Access>ReadWrite</Access>
    </Register>
    <Register>
      <Description>SMED 1 FSM Status Register</Description>
      <Address>0x5563</Address>
      <Name>SMD1_FSM_STS</Name>
      <Access>ReadOnly</Access>
    </Register>
    <Register>
      <Description>Internal Clocks Register</Description>
      <Address>0x50C6</Address>
      <Name>CLK_ICKR</Name>
      <Access>ReadWrite</Access>
    </Register>
    <Register>
      <Description>PLL Configuration Register</Description>
      <Address>0x50C2</Address>
      <Name>CLK_PLLR</Name>
      <Access>ReadWrite</Access>
    </Register>
    <Register>
      <Description>External Clock Register</Description>
      <Address>0x50C1</Address>
      <Name>CLK_ECKR</Name>
      <Access>ReadWrite</Access>
    </Register>
    <Register>
      <Description>Comparators Control Register</Description>
      <Address>0x5020</Address>
      <Name>MSC_DACCTR</Name>
      <Access>ReadWrite</Access>
    </Register>
    <Register>
      <Description>Comparator 0 DAC Level</Description>
      <Address>0x5021</Address>
      <Name>MSC_DAC0</Name>
      <Access>ReadWrite</Access>
    </Register>
    <Register>
      <Description>Comparator 1 DAC Level</Description>
      <Address>0x5022</Address>
      <Name>MSC_DAC1</Name>
      <Access>ReadWrite</Access>
    </Register>
    <Register>
      <Description>Comparator 2 DAC Level</Description>
      <Address>0x5023</Address>
      <Name>MSC_DAC2</Name>
      <Access>ReadWrite</Access>
    </Register>
    <Register>
      <Description>Comparator 3 DAC Level</Description>
      <Address>0x5024</Address>
      <Name>MSC_DAC3</Name>
      <Access>ReadWrite</Access>
    </Register>
    <Field>
      <Description>SMED0 Global Configuration Register</Description>
      <FieldType>enumeration</FieldType>
      <Name>MSC_SMDCFG01</Name>
      <StartAddress>MSC_SMDCFG01</StartAddress>
      <BitOffset>0</BitOffset>
      <Width>4</Width>
      <Default>0</Default>
      <Dictionary>
        <value>0</value>
        <name>Single SMED 0 - Independent PWM0</name>
      </Dictionary>
      <Dictionary>
        <value>2</value>
        <name>Synch Coupled SMEDs - Independent PWMs</name>
      </Dictionary>
      <Dictionary>
        <value>3</value>
        <name>Synch Coupled SMEDs - Combined PWMs</name>
      </Dictionary>
      <Dictionary>
        <value>4</value>
        <name>2-Synch Coupled SMEDs - Independent PWMs</name>
      </Dictionary>
      <Dictionary>
        <value>5</value>
        <name>2-Synch Coupled SMEDs - Combined PWMs</name>
      </Dictionary>
      <Dictionary>
        <value>6</value>
        <name>2-Asynch Coupled SMEDs - Independent PWMs</name>
      </Dictionary>
      <Dictionary>
        <value>7</value>
        <name>2-Asynch Coupled SMEDs - Combined PWMs</name>
      </Dictionary>
      <Dictionary>
        <value>8</value>
        <name>External Control SMED - Independent PWM0</name>
      </Dictionary>
      <Dictionary>
        <value>10</value>
        <name>Asynch Coupled SMEDs - Independent PWMs</name>
      </Dictionary>
      <Dictionary>
        <value>11</value>
        <name>Asynch Coupled SMEDs - Combined PWMs</name>
      </Dictionary>
    </Field>
    <Field>
      <Description>SMED1 Global Configuration Register</Description>
      <FieldType>enumeration</FieldType>
      <Name>MSC_SMDCFG01</Name>
      <StartAddress>MSC_SMDCFG01</StartAddress>
      <BitOffset>4</BitOffset>
      <Width>4</Width>
      <Default>0</Default>
      <Dictionary>
        <value>0</value>
        <name>Single SMED 1 - Independent PWM1</name>
      </Dictionary>
      <Dictionary>
        <value>2</value>
        <name>Synch Coupled SMEDs - Independent PWMs</name>
      </Dictionary>
      <Dictionary>
        <value>3</value>
        <name>Synch Coupled SMEDs - Combined PWMs</name>
      </Dictionary>
      <Dictionary>
        <value>4</value>
        <name>2-Synch Coupled SMEDs - Independent PWMs</name>
      </Dictionary>
      <Dictionary>
        <value>5</value>
        <name>2-Synch Coupled SMEDs - Combined PWMs</name>
      </Dictionary>
      <Dictionary>
        <value>6</value>
        <name>2-Asynch Coupled SMEDs - Independent PWMs</name>
      </Dictionary>
      <Dictionary>
        <value>7</value>
        <name>2-Asynch Coupled SMEDs - Combined PWMs</name>
      </Dictionary>
      <Dictionary>
        <value>8</value>
        <name>External Control SMED - Independent PWM1</name>
      </Dictionary>
      <Dictionary>
        <value>10</value>
        <name>Asynch Coupled SMEDs - Independent PWMs</name>
      </Dictionary>
      <Dictionary>
        <value>11</value>
        <name>Asynch Coupled SMEDs - Combined PWMs</name>
      </Dictionary>
    </Field>
    <Field>
      <Description>SMEDs SW Events Register</Description>
      <FieldType>integer</FieldType>
      <Name>MSC_SMSWEV</Name>
      <StartAddress>MSC_SMSWEV</StartAddress>
      <BitOffset>0</BitOffset>
      <Width>6</Width>
      <Default>0</Default>
    </Field>
    <Field>
      <Description>SMEDs Unlock Register</Description>
      <FieldType>integer</FieldType>
      <Name>MSC_SMULOCK</Name>
      <StartAddress>MSC_SMULOCK</StartAddress>
      <BitOffset>0</BitOffset>
      <Width>6</Width>
      <Default>0</Default>
    </Field>
    <Field>
      <Description>SMED 0 Connection Box Selection Register</Description>
      <FieldType>integer</FieldType>
      <Name>MSC_CBOXS0</Name>
      <StartAddress>MSC_CBOXS0</StartAddress>
      <BitOffset>0</BitOffset>
      <Width>6</Width>
      <Default>0</Default>
    </Field>
    <Field>
      <Description>SMED 1 Connection Box Selection Register</Description>
      <FieldType>integer</FieldType>
      <Name>MSC_CBOXS1</Name>
      <StartAddress>MSC_CBOXS1</StartAddress>
      <BitOffset>0</BitOffset>
      <Width>6</Width>
      <Default>0</Default>
    </Field>
    <Field>
      <Description>SMED I/O MUX Control Register</Description>
      <FieldType>integer</FieldType>
      <Name>MSC_IOMXP1</Name>
      <StartAddress>MSC_IOMXP1</StartAddress>
      <BitOffset>0</BitOffset>
      <Width>8</Width>
    </Field>
    <Field>
      <Description>SMED 0 Clock Switch</Description>
      <FieldType>enumeration</FieldType>
      <Name>CLK_SMD0</Name>
      <StartAddress>CLK_SMD0</StartAddress>
      <BitOffset>0</BitOffset>
      <Width>2</Width>
      <Default>0</Default>
      <Min>0</Min>
      <Max>3</Max>
      <Dictionary>
        <value>0</value>
        <name>HSI@16MHz</name>
      </Dictionary>
      <Dictionary>
        <value>1</value>
        <name>PLL@96MHz</name>
      </Dictionary>
      <Dictionary>
        <value>2</value>
        <name>LSI</name>
      </Dictionary>
      <Dictionary>
        <value>3</value>
        <name>HSI</name>
      </Dictionary>
    </Field>
    <Field>
      <Description>SMED 0 Clock Division Factor</Description>
      <FieldType>enumeration</FieldType>
      <Name>CLK_SMD0</Name>
      <StartAddress>CLK_SMD0</StartAddress>
      <BitOffset>4</BitOffset>
      <Width>3</Width>
      <Default>0</Default>
      <Dictionary>
        <value>0</value>
        <name>Clock/1</name>
      </Dictionary>
      <Dictionary>
        <value>1</value>
        <name>Clock/2</name>
      </Dictionary>
      <Dictionary>
        <value>2</value>
        <name>Clock/4</name>
      </Dictionary>
      <Dictionary>
        <value>3</value>
        <name>Clock/8</name>
      </Dictionary>
      <Dictionary>
        <value>4</value>
        <name>Clock/16</name>
      </Dictionary>
      <Dictionary>
        <value>5</value>
        <name>Clock/32</name>
      </Dictionary>
      <Dictionary>
        <value>6</value>
        <name>Clock/64</name>
      </Dictionary>
      <Dictionary>
        <value>7</value>
        <name>Clock/128</name>
      </Dictionary>
    </Field>
    <Field>
      <Description>SMED 1 Clock Switch</Description>
      <FieldType>enumeration</FieldType>
      <Name>CLK_SMD1</Name>
      <StartAddress>CLK_SMD1</StartAddress>
      <BitOffset>0</BitOffset>
      <Width>2</Width>
      <Default>0</Default>
      <Min>0</Min>
      <Max>3</Max>
      <Dictionary>
        <value>0</value>
        <name>HSI@16MHz</name>
      </Dictionary>
      <Dictionary>
        <value>1</value>
        <name>PLL@96MHz</name>
      </Dictionary>
      <Dictionary>
        <value>2</value>
        <name>LSI</name>
      </Dictionary>
      <Dictionary>
        <value>3</value>
        <name>HSI</name>
      </Dictionary>
    </Field>
    <Field>
      <Description>SMED 1 Clock Division Factor</Description>
      <FieldType>enumeration</FieldType>
      <Name>CLK_SMD1</Name>
      <StartAddress>CLK_SMD1</StartAddress>
      <BitOffset>4</BitOffset>
      <Width>3</Width>
      <Default>0</Default>
      <Dictionary>
        <value>0</value>
        <name>Clock/1</name>
      </Dictionary>
      <Dictionary>
        <value>1</value>
        <name>Clock/2</name>
      </Dictionary>
      <Dictionary>
        <value>2</value>
        <name>Clock/4</name>
      </Dictionary>
      <Dictionary>
        <value>3</value>
        <name>Clock/8</name>
      </Dictionary>
      <Dictionary>
        <value>4</value>
        <name>Clock/16</name>
      </Dictionary>
      <Dictionary>
        <value>5</value>
        <name>Clock/32</name>
      </Dictionary>
      <Dictionary>
        <value>6</value>
        <name>Clock/64</name>
      </Dictionary>
      <Dictionary>
        <value>7</value>
        <name>Clock/128</name>
      </Dictionary>
    </Field>
    <Field>
      <Description>CLK Enable for SMEDs processor interface and Real Time Clock</Description>
      <FieldType>bitfield</FieldType>
      <Name>CLK_PCKENR2</Name>
      <StartAddress>CLK_PCKENR2</StartAddress>
      <BitOffset>0</BitOffset>
      <Width>6</Width>
      <Default>63</Default>
      <Dictionary>
        <value>1</value>
        <name>Clock Enable for SMED 0 processor interface &amp; real time clock</name>
      </Dictionary>
      <Dictionary>
        <value>2</value>
        <name>Clock Enable for SMED 1 processor interface &amp; real time clock</name>
      </Dictionary>
      <Dictionary>
        <value>4</value>
        <name>Clock Enable for SMED 2 processor interface &amp; real time clock</name>
      </Dictionary>
      <Dictionary>
        <value>8</value>
        <name>Clock Enable for SMED 3 processor interface &amp; real time clock</name>
      </Dictionary>
      <Dictionary>
        <value>16</value>
        <name>Clock Enable for SMED 4 processor interface &amp; real time clock</name>
      </Dictionary>
      <Dictionary>
        <value>32</value>
        <name>Clock Enable for SMED 5 processor interface &amp; real time clock</name>
      </Dictionary>
    </Field>
    <Field>
      <Description>Clock Enable for MISCs processor interface</Description>
      <FieldType>bitfield</FieldType>
      <Name>CLK_PCKENR2</Name>
      <StartAddress>CLK_PCKENR2</StartAddress>
      <BitOffset>7</BitOffset>
      <Width>1</Width>
      <Default>1</Default>
      <Min>0</Min>
      <Max>1</Max>
      <Dictionary>
        <value>1</value>
        <name>Clock Enabled</name>
      </Dictionary>
      <Dictionary>
        <value>0</value>
        <name>Clock Gated</name>
      </Dictionary>
    </Field>
    <Field>
      <Description>SMED 0 Control Register</Description>
      <FieldType>bitfield</FieldType>
      <Name>SMD0_CTR</Name>
      <StartAddress>SMD0_CTR</StartAddress>
      <BitOffset>0</BitOffset>
      <Width>2</Width>
      <Default>0</Default>
      <Dictionary>
        <value>1</value>
        <name>Counter Ready to start</name>
      </Dictionary>
      <Dictionary>
        <value>2</value>
        <name>Enable Synchronous FSM</name>
      </Dictionary>
    </Field>
    <Field>
      <Description>SMED 0 Control Time Register</Description>
      <FieldType>bitfield</FieldType>
      <Name>SMD0_CTR_TMR</Name>
      <StartAddress>SMD0_CTR_TMR</StartAddress>
      <BitOffset>0</BitOffset>
      <Width>5</Width>
      <Default>0</Default>
      <Dictionary>
        <value>1</value>
        <name>Validate T0 time reg enabling shadow register update</name>
      </Dictionary>
      <Dictionary>
        <value>2</value>
        <name>Validate T1 time reg enabling shadow register update</name>
      </Dictionary>
      <Dictionary>
        <value>4</value>
        <name>Validate T2 time reg enabling shadow register update</name>
      </Dictionary>
      <Dictionary>
        <value>8</value>
        <name>Validate T3 time reg enabling shadow register update</name>
      </Dictionary>
      <Dictionary>
        <value>16</value>
        <name>Validate Dithering reg enabling shadow register update</name>
      </Dictionary>
    </Field>
    <Field>
      <Description>SMED 0 Control Input Register</Description>
      <FieldType>integer</FieldType>
      <Name>SMD0_CTR_INP</Name>
      <StartAddress>SMD0_CTR_INP</StartAddress>
      <BitOffset>0</BitOffset>
      <Width>8</Width>
      <Default>0</Default>
    </Field>
    <Field>
      <Description>SMED 0 Dithering Register</Description>
      <FieldType>integer</FieldType>
      <Name>SMD0_CTR_DTH</Name>
      <StartAddress>SMD0_CTR_DTH</StartAddress>
      <BitOffset>0</BitOffset>
      <Width>8</Width>
      <Default>0</Default>
    </Field>
    <Field>
      <Description>SMED 0 Time T0 Register</Description>
      <FieldType>integer</FieldType>
      <Name>SMD0_TMR_T0L</Name>
      <StartAddress>SMD0_TMR_T0L</StartAddress>
      <BitOffset>0</BitOffset>
      <Width>16</Width>
      <Default>0</Default>
      <Min>1</Min>
      <Max>65535</Max>
    </Field>
    <Field>
      <Description>SMED 0 Time T1 Register</Description>
      <FieldType>integer</FieldType>
      <Name>SMD0_TMR_T1L</Name>
      <StartAddress>SMD0_TMR_T1L</StartAddress>
      <BitOffset>0</BitOffset>
      <Width>16</Width>
      <Default>0</Default>
      <Min>1</Min>
      <Max>65535</Max>
    </Field>
    <Field>
      <Description>SMED 0 Time T2 Register</Description>
      <FieldType>integer</FieldType>
      <Name>SMD0_TMR_T2L</Name>
      <StartAddress>SMD0_TMR_T2L</StartAddress>
      <BitOffset>0</BitOffset>
      <Width>16</Width>
      <Default>0</Default>
      <Min>1</Min>
      <Max>65535</Max>
    </Field>
    <Field>
      <Description>SMED 0 Time T3 Register</Description>
      <FieldType>integer</FieldType>
      <Name>SMD0_TMR_T3L</Name>
      <StartAddress>SMD0_TMR_T3L</StartAddress>
      <BitOffset>0</BitOffset>
      <Width>16</Width>
      <Default>0</Default>
      <Min>1</Min>
      <Max>65535</Max>
    </Field>
    <Field>
      <Description>SMED 0 State IDLE  Parameter0</Description>
      <FieldType>integer</FieldType>
      <Name>SMD0_PRM_ID0</Name>
      <StartAddress>SMD0_PRM_ID0</StartAddress>
      <BitOffset>0</BitOffset>
      <Width>8</Width>
      <Default>0</Default>
    </Field>
    <Field>
      <Description>SMED 0 State IDLE  Parameter1</Description>
      <FieldType>integer</FieldType>
      <Name>SMD0_PRM_ID1</Name>
      <StartAddress>SMD0_PRM_ID1</StartAddress>
      <BitOffset>2</BitOffset>
      <Width>5</Width>
      <Default>0</Default>
    </Field>
    <Field>
      <Description>SMED 0 State IDLE Latch Reset</Description>
      <FieldType>bitfield</FieldType>
      <Name>SMD0_PRM_ID2</Name>
      <StartAddress>SMD0_PRM_ID2</StartAddress>
      <BitOffset>0</BitOffset>
      <Width>1</Width>
      <Default>0</Default>
      <Dictionary>
        <value>0</value>
        <name>No action is done</name>
      </Dictionary>
      <Dictionary>
        <value>1</value>
        <name>Latch will be reset when FSM enters HOLD state</name>
      </Dictionary>
    </Field>
    <Field>
      <Description>SMED 0 State IDLE  Quad couple start mode</Description>
      <FieldType>bitfield</FieldType>
      <Name>SMD0_PRM_ID2</Name>
      <StartAddress>SMD0_PRM_ID2</StartAddress>
      <BitOffset>7</BitOffset>
      <Width>1</Width>
      <Default>0</Default>
      <Dictionary>
        <value>0</value>
        <name>Standard Start in 2Coupled Mode</name>
      </Dictionary>
      <Dictionary>
        <value>1</value>
        <name>FastStart in 2Coupled Mode</name>
      </Dictionary>
    </Field>
    <Field>
      <Description>SMED 0 State S0  Parameter0</Description>
      <FieldType>integer</FieldType>
      <Name>SMD0_PRM_S00</Name>
      <StartAddress>SMD0_PRM_S00</StartAddress>
      <BitOffset>0</BitOffset>
      <Width>8</Width>
      <Default>0</Default>
    </Field>
    <Field>
      <Description>SMED 0 State S0  Parameter1</Description>
      <FieldType>integer</FieldType>
      <Name>SMD0_PRM_S01</Name>
      <StartAddress>SMD0_PRM_S01</StartAddress>
      <BitOffset>2</BitOffset>
      <Width>5</Width>
      <Default>0</Default>
    </Field>
    <Field>
      <Description>SMED 0 State S0  Latch Reset</Description>
      <FieldType>bitfield</FieldType>
      <Name>SMD0_PRM_S02</Name>
      <StartAddress>SMD0_PRM_S02</StartAddress>
      <BitOffset>0</BitOffset>
      <Width>1</Width>
      <Default>0</Default>
      <Dictionary>
        <value>0</value>
        <name>No action is done</name>
      </Dictionary>
      <Dictionary>
        <value>1</value>
        <name>Latch will be reset when FSM enters HOLD state</name>
      </Dictionary>
    </Field>
    <Field>
      <Description>SMED 0 State S1  Parameter0</Description>
      <FieldType>integer</FieldType>
      <Name>SMD0_PRM_S10</Name>
      <StartAddress>SMD0_PRM_S10</StartAddress>
      <BitOffset>0</BitOffset>
      <Width>8</Width>
      <Default>0</Default>
    </Field>
    <Field>
      <Description>SMED 0 State S1  Parameter1</Description>
      <FieldType>integer</FieldType>
      <Name>SMD0_PRM_S11</Name>
      <StartAddress>SMD0_PRM_S11</StartAddress>
      <BitOffset>2</BitOffset>
      <Width>5</Width>
      <Default>0</Default>
    </Field>
    <Field>
      <Description>SMED 0 State S1  Latch Reset</Description>
      <FieldType>bitfield</FieldType>
      <Name>SMD0_PRM_S12</Name>
      <StartAddress>SMD0_PRM_S12</StartAddress>
      <BitOffset>0</BitOffset>
      <Width>1</Width>
      <Default>0</Default>
      <Dictionary>
        <value>0</value>
        <name>No action is done</name>
      </Dictionary>
      <Dictionary>
        <value>1</value>
        <name>Latch will be reset when FSM enters HOLD state</name>
      </Dictionary>
    </Field>
    <Field>
      <Description>SMED 0 State S2  Parameter0</Description>
      <FieldType>integer</FieldType>
      <Name>SMD0_PRM_S20</Name>
      <StartAddress>SMD0_PRM_S20</StartAddress>
      <BitOffset>0</BitOffset>
      <Width>8</Width>
      <Default>0</Default>
    </Field>
    <Field>
      <Description>SMED 0 State S2  Parameter1</Description>
      <FieldType>integer</FieldType>
      <Name>SMD0_PRM_S21</Name>
      <StartAddress>SMD0_PRM_S21</StartAddress>
      <BitOffset>2</BitOffset>
      <Width>5</Width>
      <Default>0</Default>
    </Field>
    <Field>
      <Description>SMED 0 State S2  Latch Reset</Description>
      <FieldType>bitfield</FieldType>
      <Name>SMD0_PRM_S22</Name>
      <StartAddress>SMD0_PRM_S22</StartAddress>
      <BitOffset>0</BitOffset>
      <Width>1</Width>
      <Default>0</Default>
      <Dictionary>
        <value>0</value>
        <name>No action is done</name>
      </Dictionary>
      <Dictionary>
        <value>1</value>
        <name>Latch will be reset when FSM enters HOLD state</name>
      </Dictionary>
    </Field>
    <Field>
      <Description>SMED 0 State S3  Parameter0</Description>
      <FieldType>integer</FieldType>
      <Name>SMD0_PRM_S30</Name>
      <StartAddress>SMD0_PRM_S30</StartAddress>
      <BitOffset>0</BitOffset>
      <Width>8</Width>
      <Default>0</Default>
    </Field>
    <Field>
      <Description>SMED 0 State S3  Parameter1</Description>
      <FieldType>integer</FieldType>
      <Name>SMD0_PRM_S31</Name>
      <StartAddress>SMD0_PRM_S31</StartAddress>
      <BitOffset>2</BitOffset>
      <Width>5</Width>
      <Default>0</Default>
    </Field>
    <Field>
      <Description>SMED 0 State S3  Latch Reset</Description>
      <FieldType>bitfield</FieldType>
      <Name>SMD0_PRM_S32</Name>
      <StartAddress>SMD0_PRM_S32</StartAddress>
      <BitOffset>0</BitOffset>
      <Width>1</Width>
      <Default>0</Default>
      <Dictionary>
        <value>0</value>
        <name>No action is done</name>
      </Dictionary>
      <Dictionary>
        <value>1</value>
        <name>Latch will be reset when FSM enters HOLD state</name>
      </Dictionary>
    </Field>
    <Field>
      <Description>SMED 0 Timer Configuration Register</Description>
      <FieldType>enumeration</FieldType>
      <Name>SMD0_CFG</Name>
      <StartAddress>SMD0_CFG</StartAddress>
      <BitOffset>0</BitOffset>
      <Width>2</Width>
      <Default>0</Default>
      <Dictionary>
        <value>0</value>
        <name>Temporary Increment T3</name>
      </Dictionary>
      <Dictionary>
        <value>1</value>
        <name>Temporary Increment T0</name>
      </Dictionary>
      <Dictionary>
        <value>2</value>
        <name>Temporary Increment T1</name>
      </Dictionary>
      <Dictionary>
        <value>3</value>
        <name>Temporary Increment T2</name>
      </Dictionary>
    </Field>
    <Field>
      <Description>SMED 0 Timer Update Mode</Description>
      <FieldType>enumeration</FieldType>
      <Name>SMD0_CFG</Name>
      <StartAddress>SMD0_CFG</StartAddress>
      <BitOffset>2</BitOffset>
      <Width>2</Width>
      <Default>0</Default>
      <Dictionary>
        <value>0</value>
        <name>Update instantly</name>
      </Dictionary>
      <Dictionary>
        <value>1</value>
        <name>Update on PWM pulse rising edge</name>
      </Dictionary>
      <Dictionary>
        <value>2</value>
        <name>Update on PWM pulse falling edge</name>
      </Dictionary>
      <Dictionary>
        <value>3</value>
        <name>Update on counter reset</name>
      </Dictionary>
    </Field>
    <Field>
      <Description>SMED 0 Dump Counter Register</Description>
      <FieldType>integer</FieldType>
      <Name>SMD0_DMP_L</Name>
      <StartAddress>SMD0_DMP_L</StartAddress>
      <BitOffset>0</BitOffset>
      <Width>16</Width>
      <Default>0</Default>
    </Field>
    <Field>
      <Description>SMED 0 General Status Register</Description>
      <FieldType>integer</FieldType>
      <Name>SMD0_GSTS</Name>
      <StartAddress>SMD0_GSTS</StartAddress>
      <BitOffset>0</BitOffset>
      <Width>4</Width>
      <Default>0</Default>
    </Field>
    <Field>
      <Description>SMED 0 Interrupt Request Register</Description>
      <FieldType>integer</FieldType>
      <Name>SMD0_IRQ</Name>
      <StartAddress>SMD0_IRQ</StartAddress>
      <BitOffset>0</BitOffset>
      <Width>8</Width>
      <Default>0</Default>
    </Field>
    <Field>
      <Description>SMED 0 Interrupt Enable Register</Description>
      <FieldType>integer</FieldType>
      <Name>SMD0_IER</Name>
      <StartAddress>SMD0_IER</StartAddress>
      <BitOffset>0</BitOffset>
      <Width>8</Width>
      <Default>0</Default>
    </Field>
    <Field>
      <Description>SMED 0 External Event Control Register</Description>
      <FieldType>bitfield</FieldType>
      <Name>SMD0_ISEL</Name>
      <StartAddress>SMD0_ISEL</StartAddress>
      <BitOffset>0</BitOffset>
      <Width>4</Width>
      <Default>0</Default>
      <Dictionary>
        <value>1</value>
        <name>Enable InSig[0] to interact with the SMED internal logic</name>
      </Dictionary>
      <Dictionary>
        <value>2</value>
        <name>Enable InSig[1] to interact with the SMED internal logic</name>
      </Dictionary>
      <Dictionary>
        <value>4</value>
        <name>Enable InSig[2] to interact with the SMED internal logic</name>
      </Dictionary>
      <Dictionary>
        <value>8</value>
        <name>Enable latch function on InSig[0] input</name>
      </Dictionary>
    </Field>
    <Field>
      <Description>SMED 0 Dump Enable Register</Description>
      <FieldType>integer</FieldType>
      <Name>SMD0_DMP</Name>
      <StartAddress>SMD0_DMP</StartAddress>
      <BitOffset>0</BitOffset>
      <Width>5</Width>
      <Default>0</Default>
    </Field>
    <Field>
      <Description>SMED 0 FSM Status Register</Description>
      <FieldType>integer</FieldType>
      <Name>SMD0_FSM_STS</Name>
      <StartAddress>SMD0_FSM_STS</StartAddress>
      <BitOffset>0</BitOffset>
      <Width>8</Width>
    </Field>
    <Field>
      <Description>SMED 1 Control Register</Description>
      <FieldType>bitfield</FieldType>
      <Name>SMD1_CTR</Name>
      <StartAddress>SMD1_CTR</StartAddress>
      <BitOffset>0</BitOffset>
      <Width>2</Width>
      <Default>0</Default>
      <Dictionary>
        <value>1</value>
        <name>Counter Ready to Start</name>
      </Dictionary>
      <Dictionary>
        <value>2</value>
        <name>Enable Synchronous FSM</name>
      </Dictionary>
    </Field>
    <Field>
      <Description>SMED 1 Control Time Register</Description>
      <FieldType>bitfield</FieldType>
      <Name>SMD1_CTR_TMR</Name>
      <StartAddress>SMD1_CTR_TMR</StartAddress>
      <BitOffset>0</BitOffset>
      <Width>5</Width>
      <Default>0</Default>
      <Dictionary>
        <value>1</value>
        <name>Validate T0 time reg enabling shadow register update</name>
      </Dictionary>
      <Dictionary>
        <value>2</value>
        <name>Validate T1 time reg enabling shadow register update</name>
      </Dictionary>
      <Dictionary>
        <value>4</value>
        <name>Validate T2 time reg enabling shadow register update</name>
      </Dictionary>
      <Dictionary>
        <value>8</value>
        <name>Validate T3 time reg enabling shadow register update</name>
      </Dictionary>
      <Dictionary>
        <value>16</value>
        <name>Validate Dithering reg enabling shadow register update</name>
      </Dictionary>
    </Field>
    <Field>
      <Description>SMED 1 Control Input Register</Description>
      <FieldType>integer</FieldType>
      <Name>SMD1_CTR_INP</Name>
      <StartAddress>SMD1_CTR_INP</StartAddress>
      <BitOffset>0</BitOffset>
      <Width>8</Width>
      <Default>0</Default>
    </Field>
    <Field>
      <Description>SMED 1 Dithering Register</Description>
      <FieldType>integer</FieldType>
      <Name>SMD1_CTR_DTH</Name>
      <StartAddress>SMD1_CTR_DTH</StartAddress>
      <BitOffset>0</BitOffset>
      <Width>8</Width>
      <Default>0</Default>
    </Field>
    <Field>
      <Description>SMED 1 Time T0 Register</Description>
      <FieldType>integer</FieldType>
      <Name>SMD1_TMR_T0L</Name>
      <StartAddress>SMD1_TMR_T0L</StartAddress>
      <BitOffset>0</BitOffset>
      <Width>16</Width>
      <Default>0</Default>
      <Min>1</Min>
      <Max>65535</Max>
    </Field>
    <Field>
      <Description>SMED 1 Time T1 Register</Description>
      <FieldType>integer</FieldType>
      <Name>SMD1_TMR_T1L</Name>
      <StartAddress>SMD1_TMR_T1L</StartAddress>
      <BitOffset>0</BitOffset>
      <Width>16</Width>
      <Default>0</Default>
      <Min>1</Min>
      <Max>65535</Max>
    </Field>
    <Field>
      <Description>SMED 1 Time T2 Register</Description>
      <FieldType>integer</FieldType>
      <Name>SMD1_TMR_T2L</Name>
      <StartAddress>SMD1_TMR_T2L</StartAddress>
      <BitOffset>0</BitOffset>
      <Width>16</Width>
      <Default>0</Default>
      <Min>1</Min>
      <Max>65535</Max>
    </Field>
    <Field>
      <Description>SMED 1 Time T3 Register</Description>
      <FieldType>integer</FieldType>
      <Name>SMD1_TMR_T3L</Name>
      <StartAddress>SMD1_TMR_T3L</StartAddress>
      <BitOffset>0</BitOffset>
      <Width>16</Width>
      <Default>0</Default>
      <Min>1</Min>
      <Max>65535</Max>
    </Field>
    <Field>
      <Description>SMED 1 State IDLE  Parameter0</Description>
      <FieldType>integer</FieldType>
      <Name>SMD1_PRM_ID0</Name>
      <StartAddress>SMD1_PRM_ID0</StartAddress>
      <BitOffset>0</BitOffset>
      <Width>8</Width>
      <Default>0</Default>
    </Field>
    <Field>
      <Description>SMED 1 State IDLE  Parameter1</Description>
      <FieldType>integer</FieldType>
      <Name>SMD1_PRM_ID1</Name>
      <StartAddress>SMD1_PRM_ID1</StartAddress>
      <BitOffset>2</BitOffset>
      <Width>5</Width>
      <Default>0</Default>
    </Field>
    <Field>
      <Description>SMED 1 State IDLE Latch Reset</Description>
      <FieldType>bitfield</FieldType>
      <Name>SMD1_PRM_ID2</Name>
      <StartAddress>SMD1_PRM_ID2</StartAddress>
      <BitOffset>0</BitOffset>
      <Width>1</Width>
      <Default>0</Default>
      <Dictionary>
        <value>0</value>
        <name>No action is done</name>
      </Dictionary>
      <Dictionary>
        <value>1</value>
        <name>Latch will be reset when FSM enters HOLD state</name>
      </Dictionary>
    </Field>
    <Field>
      <Description>SMED 1 State IDLE  Quad couple start mode</Description>
      <FieldType>bitfield</FieldType>
      <Name>SMD1_PRM_ID2</Name>
      <StartAddress>SMD1_PRM_ID2</StartAddress>
      <BitOffset>7</BitOffset>
      <Width>1</Width>
      <Default>0</Default>
      <Dictionary>
        <value>0</value>
        <name>Standard Start in 2Coupled Mode</name>
      </Dictionary>
      <Dictionary>
        <value>1</value>
        <name>FastStart in 2Coupled Mode</name>
      </Dictionary>
    </Field>
    <Field>
      <Description>SMED 1 State S0  Parameter0</Description>
      <FieldType>integer</FieldType>
      <Name>SMD1_PRM_S00</Name>
      <StartAddress>SMD1_PRM_S00</StartAddress>
      <BitOffset>0</BitOffset>
      <Width>8</Width>
      <Default>0</Default>
    </Field>
    <Field>
      <Description>SMED 1 State S0  Parameter1</Description>
      <FieldType>integer</FieldType>
      <Name>SMD1_PRM_S01</Name>
      <StartAddress>SMD1_PRM_S01</StartAddress>
      <BitOffset>2</BitOffset>
      <Width>5</Width>
      <Default>0</Default>
    </Field>
    <Field>
      <Description>SMED 1 State S0  Latch Reset</Description>
      <FieldType>bitfield</FieldType>
      <Name>SMD1_PRM_S02</Name>
      <StartAddress>SMD1_PRM_S02</StartAddress>
      <BitOffset>0</BitOffset>
      <Width>1</Width>
      <Default>0</Default>
      <Dictionary>
        <value>0</value>
        <name>No action is done</name>
      </Dictionary>
      <Dictionary>
        <value>1</value>
        <name>Latch will be reset when FSM enters HOLD state</name>
      </Dictionary>
    </Field>
    <Field>
      <Description>SMED 1 State S1  Parameter0</Description>
      <FieldType>integer</FieldType>
      <Name>SMD1_PRM_S10</Name>
      <StartAddress>SMD1_PRM_S10</StartAddress>
      <BitOffset>0</BitOffset>
      <Width>8</Width>
      <Default>0</Default>
    </Field>
    <Field>
      <Description>SMED 1 State S1  Parameter1</Description>
      <FieldType>integer</FieldType>
      <Name>SMD1_PRM_S11</Name>
      <StartAddress>SMD1_PRM_S11</StartAddress>
      <BitOffset>2</BitOffset>
      <Width>5</Width>
      <Default>0</Default>
    </Field>
    <Field>
      <Description>SMED 1 State S1  Latch Reset</Description>
      <FieldType>bitfield</FieldType>
      <Name>SMD1_PRM_S12</Name>
      <StartAddress>SMD1_PRM_S12</StartAddress>
      <BitOffset>0</BitOffset>
      <Width>1</Width>
      <Default>0</Default>
      <Dictionary>
        <value>0</value>
        <name>No action is done</name>
      </Dictionary>
      <Dictionary>
        <value>1</value>
        <name>Latch will be reset when FSM enters HOLD state</name>
      </Dictionary>
    </Field>
    <Field>
      <Description>SMED 1 State S2  Parameter0</Description>
      <FieldType>integer</FieldType>
      <Name>SMD1_PRM_S20</Name>
      <StartAddress>SMD1_PRM_S20</StartAddress>
      <BitOffset>0</BitOffset>
      <Width>8</Width>
      <Default>0</Default>
    </Field>
    <Field>
      <Description>SMED 1 State S2  Parameter1</Description>
      <FieldType>integer</FieldType>
      <Name>SMD1_PRM_S21</Name>
      <StartAddress>SMD1_PRM_S21</StartAddress>
      <BitOffset>2</BitOffset>
      <Width>5</Width>
      <Default>0</Default>
    </Field>
    <Field>
      <Description>SMED 1 State S2  Latch Reset</Description>
      <FieldType>bitfield</FieldType>
      <Name>SMD1_PRM_S22</Name>
      <StartAddress>SMD1_PRM_S22</StartAddress>
      <BitOffset>0</BitOffset>
      <Width>1</Width>
      <Default>0</Default>
      <Dictionary>
        <value>0</value>
        <name>No action is done</name>
      </Dictionary>
      <Dictionary>
        <value>1</value>
        <name>Latch will be reset when FSM enters HOLD state</name>
      </Dictionary>
    </Field>
    <Field>
      <Description>SMED 1 State S3  Parameter0</Description>
      <FieldType>integer</FieldType>
      <Name>SMD1_PRM_S30</Name>
      <StartAddress>SMD1_PRM_S30</StartAddress>
      <BitOffset>0</BitOffset>
      <Width>8</Width>
      <Default>0</Default>
    </Field>
    <Field>
      <Description>SMED 1 State S3  Parameter1</Description>
      <FieldType>integer</FieldType>
      <Name>SMD1_PRM_S31</Name>
      <StartAddress>SMD1_PRM_S31</StartAddress>
      <BitOffset>2</BitOffset>
      <Width>5</Width>
      <Default>0</Default>
    </Field>
    <Field>
      <Description>SMED 1 State S3  Latch Reset</Description>
      <FieldType>bitfield</FieldType>
      <Name>SMD1_PRM_S32</Name>
      <StartAddress>SMD1_PRM_S32</StartAddress>
      <BitOffset>0</BitOffset>
      <Width>1</Width>
      <Default>0</Default>
      <Dictionary>
        <value>0</value>
        <name>No action is done</name>
      </Dictionary>
      <Dictionary>
        <value>1</value>
        <name>Latch will be reset when FSM enters HOLD state</name>
      </Dictionary>
    </Field>
    <Field>
      <Description>SMED 1 Timer Configuration Register</Description>
      <FieldType>enumeration</FieldType>
      <Name>SMD1_CFG</Name>
      <StartAddress>SMD1_CFG</StartAddress>
      <BitOffset>0</BitOffset>
      <Width>2</Width>
      <Default>0</Default>
      <Dictionary>
        <value>0</value>
        <name>Temporary Increment T3</name>
      </Dictionary>
      <Dictionary>
        <value>1</value>
        <name>Temporary Increment T0</name>
      </Dictionary>
      <Dictionary>
        <value>2</value>
        <name>Temporary Increment T1</name>
      </Dictionary>
      <Dictionary>
        <value>3</value>
        <name>Temporary Increment T2</name>
      </Dictionary>
    </Field>
    <Field>
      <Description>SMED 1 Timer Update Mode</Description>
      <FieldType>enumeration</FieldType>
      <Name>SMD1_CFG</Name>
      <StartAddress>SMD1_CFG</StartAddress>
      <BitOffset>2</BitOffset>
      <Width>2</Width>
      <Default>0</Default>
      <Dictionary>
        <value>0</value>
        <name>Update instantly</name>
      </Dictionary>
      <Dictionary>
        <value>1</value>
        <name>Update on PWM pulse rising edge</name>
      </Dictionary>
      <Dictionary>
        <value>2</value>
        <name>Update on PWM pulse falling edge</name>
      </Dictionary>
      <Dictionary>
        <value>3</value>
        <name>Update on counter reset</name>
      </Dictionary>
    </Field>
    <Field>
      <Description>SMED 1 Dump Counter Register</Description>
      <FieldType>integer</FieldType>
      <Name>SMD1_DMP_L</Name>
      <StartAddress>SMD1_DMP_L</StartAddress>
      <BitOffset>0</BitOffset>
      <Width>16</Width>
    </Field>
    <Field>
      <Description>SMED 1 General Status Register</Description>
      <FieldType>integer</FieldType>
      <Name>SMD1_GSTS</Name>
      <StartAddress>SMD1_GSTS</StartAddress>
      <BitOffset>0</BitOffset>
      <Width>4</Width>
      <Default>0</Default>
    </Field>
    <Field>
      <Description>SMED 1 Interrupt Request Register</Description>
      <FieldType>integer</FieldType>
      <Name>SMD1_IRQ</Name>
      <StartAddress>SMD1_IRQ</StartAddress>
      <BitOffset>0</BitOffset>
      <Width>8</Width>
      <Default>0</Default>
    </Field>
    <Field>
      <Description>SMED 1 Interrupt Enable Register</Description>
      <FieldType>integer</FieldType>
      <Name>SMD1_IER</Name>
      <StartAddress>SMD1_IER</StartAddress>
      <BitOffset>0</BitOffset>
      <Width>8</Width>
      <Default>0</Default>
    </Field>
    <Field>
      <Description>SMED 1 External Event Control Register</Description>
      <FieldType>bitfield</FieldType>
      <Name>SMD1_ISEL</Name>
      <StartAddress>SMD1_ISEL</StartAddress>
      <BitOffset>0</BitOffset>
      <Width>4</Width>
      <Default>0</Default>
      <Dictionary>
        <value>1</value>
        <name>Enable InSig[0] to interact with the SMED internal logic</name>
      </Dictionary>
      <Dictionary>
        <value>2</value>
        <name>Enable InSig[1] to interact with the SMED internal logic</name>
      </Dictionary>
      <Dictionary>
        <value>4</value>
        <name>Enable InSig[2] to interact with the SMED internal logic</name>
      </Dictionary>
      <Dictionary>
        <value>8</value>
        <name>Enable latch function on InSig[0] input</name>
      </Dictionary>
    </Field>
    <Field>
      <Description>SMED 1 Dump Enable Register</Description>
      <FieldType>integer</FieldType>
      <Name>SMD1_DMP</Name>
      <StartAddress>SMD1_DMP</StartAddress>
      <BitOffset>0</BitOffset>
      <Width>5</Width>
      <Default>0</Default>
    </Field>
    <Field>
      <Description>SMED 1 FSM Status Register</Description>
      <FieldType>integer</FieldType>
      <Name>SMD1_FSM_STS</Name>
      <StartAddress>SMD1_FSM_STS</StartAddress>
      <BitOffset>0</BitOffset>
      <Width>8</Width>
    </Field>
    <Field>
      <Description>Internal Clocks Register</Description>
      <FieldType>bitfield</FieldType>
      <Name>CLK_ICKR</Name>
      <StartAddress>CLK_ICKR</StartAddress>
      <BitOffset>0</BitOffset>
      <Width>8</Width>
      <Default>1</Default>
      <Dictionary>
        <value>1</value>
        <name>1 HSI Enable - 0 HSI Disable</name>
      </Dictionary>
      <Dictionary>
        <value>4</value>
        <name>1 Fast HW Wakeup Enable - 0 Fast HW Wakeup Disable</name>
      </Dictionary>
      <Dictionary>
        <value>8</value>
        <name>1 LSI Enable - 0 LSI Disable</name>
      </Dictionary>
      <Dictionary>
        <value>32</value>
        <name>1 MVR OFF in Active-Halt Mode - 0 MVR ON in Active-Halt Mode</name>
      </Dictionary>
    </Field>
    <Field>
      <Description>PLL Configuration Register</Description>
      <FieldType>bitfield</FieldType>
      <Name>CLK_PLL_EN</Name>
      <StartAddress>CLK_PLLR</StartAddress>
      <BitOffset>0</BitOffset>
      <Width>8</Width>
      <Default>0x00</Default>
      <Dictionary>
        <value>1</value>
        <name>PLL Disable=0; PLL Enable=1; </name>
      </Dictionary>
      <Dictionary>
        <value>4</value>
        <name>HSI source clock=0; HSE source clock=1; </name>
      </Dictionary>
      <Dictionary>
        <value>8</value>
        <name>PLL Bypass Disable=0; PLL Bypass Enable=1; </name>
      </Dictionary>
      <Dictionary>
        <value>16</value>
        <name>Non modulated output=0; Frequency modulated output=1;</name>
      </Dictionary>
      <Dictionary>
        <value>32</value>
        <name>Center Spread=0; Down Spread=1;</name>
      </Dictionary>
      <Dictionary>
        <value>64</value>
        <name>PLL Lock Interrups Disable=0; PLL Lock Interrups Enable=1; </name>
      </Dictionary>
    </Field>
    <Field>
      <Description>External Clock Register</Description>
      <FieldType>bitfield</FieldType>
      <Name>CLK_ECKR</Name>
      <StartAddress>CLK_ECKR</StartAddress>
      <BitOffset>0</BitOffset>
      <Width>1</Width>
      <Dictionary>
        <value>1</value>
        <name>1 HSE Enable - 0 HSE Disable</name>
      </Dictionary>
    </Field>
    <Field>
      <Description>Comparators Control Register</Description>
      <FieldType>bitfield</FieldType>
      <Name>MSC_DACCTR</Name>
      <StartAddress>MSC_DACCTR</StartAddress>
      <BitOffset>0</BitOffset>
      <Width>8</Width>
      <Default>0</Default>
      <Dictionary>
        <value>1</value>
        <name>1 DAC0 Enable - 0 DAC0 Disable</name>
      </Dictionary>
      <Dictionary>
        <value>2</value>
        <name>1 DAC1 Enable - 0 DAC1 Disable</name>
      </Dictionary>
      <Dictionary>
        <value>4</value>
        <name>1 DAC2 Enable - 0 DAC2 Disable</name>
      </Dictionary>
      <Dictionary>
        <value>8</value>
        <name>1 DAC3 Enable - 0 DAC3 Disable</name>
      </Dictionary>
      <Dictionary>
        <value>16</value>
        <name>1 CP3 Enable - 0 CP3 Disable</name>
      </Dictionary>
      <Dictionary>
        <value>32</value>
        <name>1 CP3 Select - 0 CP3 Deselect</name>
      </Dictionary>
      <Dictionary>
        <value>128</value>
        <name>1 DAC Bias Enable - 0 DAC Bias Disable</name>
      </Dictionary>
    </Field>
    <Field>
      <Description>Comparator 0 DAC Level</Description>
      <FieldType>enumeration</FieldType>
      <Name>MSC_DAC0</Name>
      <StartAddress>MSC_DAC0</StartAddress>
      <BitOffset>0</BitOffset>
      <Width>4</Width>
      <Dictionary>
        <value>0</value>
        <name>0 mV</name>
      </Dictionary>
      <Dictionary>
        <value>1</value>
        <name>82 mV</name>
      </Dictionary>
      <Dictionary>
        <value>2</value>
        <name>164 mV</name>
      </Dictionary>
      <Dictionary>
        <value>3</value>
        <name>246 mV</name>
      </Dictionary>
      <Dictionary>
        <value>4</value>
        <name>328 mV</name>
      </Dictionary>
      <Dictionary>
        <value>5</value>
        <name>410 mV</name>
      </Dictionary>
      <Dictionary>
        <value>6</value>
        <name>492 mV</name>
      </Dictionary>
      <Dictionary>
        <value>7</value>
        <name>574 mV</name>
      </Dictionary>
      <Dictionary>
        <value>8</value>
        <name>656 mV</name>
      </Dictionary>
      <Dictionary>
        <value>9</value>
        <name>738 mV</name>
      </Dictionary>
      <Dictionary>
        <value>10</value>
        <name>820 mV</name>
      </Dictionary>
      <Dictionary>
        <value>11</value>
        <name>902 mV</name>
      </Dictionary>
      <Dictionary>
        <value>12</value>
        <name>984 mV</name>
      </Dictionary>
      <Dictionary>
        <value>13</value>
        <name>1066 mV</name>
      </Dictionary>
      <Dictionary>
        <value>14</value>
        <name>1148 mV</name>
      </Dictionary>
      <Dictionary>
        <value>15</value>
        <name>1230 mV</name>
      </Dictionary>
    </Field>
    <Field>
      <Description>Comparator 1 DAC Level</Description>
      <FieldType>enumeration</FieldType>
      <Name>MSC_DAC1</Name>
      <StartAddress>MSC_DAC1</StartAddress>
      <BitOffset>0</BitOffset>
      <Width>4</Width>
      <Dictionary>
        <value>0</value>
        <name>0 mV</name>
      </Dictionary>
      <Dictionary>
        <value>1</value>
        <name>82 mV</name>
      </Dictionary>
      <Dictionary>
        <value>2</value>
        <name>164 mV</name>
      </Dictionary>
      <Dictionary>
        <value>3</value>
        <name>246 mV</name>
      </Dictionary>
      <Dictionary>
        <value>4</value>
        <name>328 mV</name>
      </Dictionary>
      <Dictionary>
        <value>5</value>
        <name>410 mV</name>
      </Dictionary>
      <Dictionary>
        <value>6</value>
        <name>492 mV</name>
      </Dictionary>
      <Dictionary>
        <value>7</value>
        <name>574 mV</name>
      </Dictionary>
      <Dictionary>
        <value>8</value>
        <name>656 mV</name>
      </Dictionary>
      <Dictionary>
        <value>9</value>
        <name>738 mV</name>
      </Dictionary>
      <Dictionary>
        <value>10</value>
        <name>820 mV</name>
      </Dictionary>
      <Dictionary>
        <value>11</value>
        <name>902 mV</name>
      </Dictionary>
      <Dictionary>
        <value>12</value>
        <name>984 mV</name>
      </Dictionary>
      <Dictionary>
        <value>13</value>
        <name>1066 mV</name>
      </Dictionary>
      <Dictionary>
        <value>14</value>
        <name>1148 mV</name>
      </Dictionary>
      <Dictionary>
        <value>15</value>
        <name>1230 mV</name>
      </Dictionary>
    </Field>
    <Field>
      <Description>Comparator 2 DAC Level</Description>
      <FieldType>enumeration</FieldType>
      <Name>MSC_DAC2</Name>
      <StartAddress>MSC_DAC2</StartAddress>
      <BitOffset>0</BitOffset>
      <Width>4</Width>
      <Dictionary>
        <value>0</value>
        <name>0 mV</name>
      </Dictionary>
      <Dictionary>
        <value>1</value>
        <name>82 mV</name>
      </Dictionary>
      <Dictionary>
        <value>2</value>
        <name>164 mV</name>
      </Dictionary>
      <Dictionary>
        <value>3</value>
        <name>246 mV</name>
      </Dictionary>
      <Dictionary>
        <value>4</value>
        <name>328 mV</name>
      </Dictionary>
      <Dictionary>
        <value>5</value>
        <name>410 mV</name>
      </Dictionary>
      <Dictionary>
        <value>6</value>
        <name>492 mV</name>
      </Dictionary>
      <Dictionary>
        <value>7</value>
        <name>574 mV</name>
      </Dictionary>
      <Dictionary>
        <value>8</value>
        <name>656 mV</name>
      </Dictionary>
      <Dictionary>
        <value>9</value>
        <name>738 mV</name>
      </Dictionary>
      <Dictionary>
        <value>10</value>
        <name>820 mV</name>
      </Dictionary>
      <Dictionary>
        <value>11</value>
        <name>902 mV</name>
      </Dictionary>
      <Dictionary>
        <value>12</value>
        <name>984 mV</name>
      </Dictionary>
      <Dictionary>
        <value>13</value>
        <name>1066 mV</name>
      </Dictionary>
      <Dictionary>
        <value>14</value>
        <name>1148 mV</name>
      </Dictionary>
      <Dictionary>
        <value>15</value>
        <name>1230 mV</name>
      </Dictionary>
    </Field>
    <Field>
      <Description>Comparator 3 DAC Level</Description>
      <FieldType>enumeration</FieldType>
      <Name>MSC_DAC3</Name>
      <StartAddress>MSC_DAC3</StartAddress>
      <BitOffset>0</BitOffset>
      <Width>4</Width>
      <Dictionary>
        <value>0</value>
        <name>0 mV</name>
      </Dictionary>
      <Dictionary>
        <value>1</value>
        <name>82 mV</name>
      </Dictionary>
      <Dictionary>
        <value>2</value>
        <name>164 mV</name>
      </Dictionary>
      <Dictionary>
        <value>3</value>
        <name>246 mV</name>
      </Dictionary>
      <Dictionary>
        <value>4</value>
        <name>328 mV</name>
      </Dictionary>
      <Dictionary>
        <value>5</value>
        <name>410 mV</name>
      </Dictionary>
      <Dictionary>
        <value>6</value>
        <name>492 mV</name>
      </Dictionary>
      <Dictionary>
        <value>7</value>
        <name>574 mV</name>
      </Dictionary>
      <Dictionary>
        <value>8</value>
        <name>656 mV</name>
      </Dictionary>
      <Dictionary>
        <value>9</value>
        <name>738 mV</name>
      </Dictionary>
      <Dictionary>
        <value>10</value>
        <name>820 mV</name>
      </Dictionary>
      <Dictionary>
        <value>11</value>
        <name>902 mV</name>
      </Dictionary>
      <Dictionary>
        <value>12</value>
        <name>984 mV</name>
      </Dictionary>
      <Dictionary>
        <value>13</value>
        <name>1066 mV</name>
      </Dictionary>
      <Dictionary>
        <value>14</value>
        <name>1148 mV</name>
      </Dictionary>
      <Dictionary>
        <value>15</value>
        <name>1230 mV</name>
      </Dictionary>
    </Field>
  </Memory>
</Component>