<?xml version="1.0" encoding="utf-8"?>
<Component xmlns:xsi="http://www.w3.org/2001/XMLSchema-instance" xmlns:xsd="http://www.w3.org/2001/XMLSchema">
  <Description>ILL066V2 demo board</Description>
  <ProductID>0x124</ProductID>
  <Revision>0x1</Revision>
  <AddressMode>Parameter</AddressMode>
  <Memory>
    <RegisterSize>size_8bits</RegisterSize>
    <AddressSize>size_16bits</AddressSize>
    <Register>
      <Description>ILL066V2 Configuration field</Description>
      <Address>0x0</Address>
      <Name>Appl</Name>
      <Access>ReadWrite</Access>
    </Register>
    <Register>
      <Description>ILL066V2 status</Description>
      <Address>0x1</Address>
      <Name>Err</Name>
      <Access>ReadOnly</Access>
    </Register>
    <Register>
      <Description>ll_l</Description>
      <Address>0x2</Address>
      <Name>ll_l</Name>
      <Access>ReadWrite</Access>
    </Register>
    <Register>
      <Description>ll_h</Description>
      <Address>0x3</Address>
      <Name>ll_h</Name>
      <Access>ReadWrite</Access>
    </Register>
    <Register>
      <Description>PFC V output low</Description>
      <Address>0x4</Address>
      <Name>Vpfc_l</Name>
      <Access>ReadOnly</Access>
    </Register>
    <Register>
      <Description>PFC V output high</Description>
      <Address>0x5</Address>
      <Name>Vpfc_h</Name>
      <Access>ReadOnly</Access>
    </Register>
    <Register>
      <Description>PFC on time l</Description>
      <Address>0x6</Address>
      <Name>Ponl</Name>
      <Access>ReadOnly</Access>
    </Register>
    <Register>
      <Description>PFC on time H</Description>
      <Address>0x7</Address>
      <Name>Ponh</Name>
      <Access>ReadOnly</Access>
    </Register>
    <Register>
      <Description>PFC off time L</Description>
      <Address>0x8</Address>
      <Name>Pofl</Name>
      <Access>ReadOnly</Access>
    </Register>
    <Register>
      <Description>PFC off time H</Description>
      <Address>0x9</Address>
      <Name>Pofh</Name>
      <Access>ReadOnly</Access>
    </Register>
    <Register>
      <Description>Control the appl.</Description>
      <Address>0xA</Address>
      <Name>Rst</Name>
      <Access>ReadWrite</Access>
    </Register>
    <Register>
      <Description>PFC frequency</Description>
      <Address>0xB</Address>
      <Name>Pfr</Name>
      <Access>ReadOnly</Access>
    </Register>
    <Register>
      <Description>AC input voltage l</Description>
      <Address>0xC</Address>
      <Name>Vin_l</Name>
      <Access>ReadOnly</Access>
    </Register>
    <Register>
      <Description>AC input voltage h</Description>
      <Address>0xD</Address>
      <Name>Vin_h</Name>
      <Access>ReadOnly</Access>
    </Register>
    <Register>
      <Description>Vout l</Description>
      <Address>0xE</Address>
      <Name>Vou_l</Name>
      <Access>ReadOnly</Access>
    </Register>
    <Register>
      <Description>Vout h</Description>
      <Address>0xF</Address>
      <Name>Vou_h</Name>
      <Access>ReadOnly</Access>
    </Register>
    <Register>
      <Description>HB on time l</Description>
      <Address>0x10</Address>
      <Name>HBf_l</Name>
      <Access>ReadOnly</Access>
    </Register>
    <Register>
      <Description>HB on time h</Description>
      <Address>0x11</Address>
      <Name>HBf_h</Name>
      <Access>ReadOnly</Access>
    </Register>
    <Register>
      <Description>Board Temp L</Description>
      <Address>0x12</Address>
      <Name>Temp_l</Name>
      <Access>ReadOnly</Access>
    </Register>
    <Register>
      <Description>Board Temp H</Description>
      <Address>0x13</Address>
      <Name>Temp_h</Name>
      <Access>ReadOnly</Access>
    </Register>
    <Register>
      <Description>HB max on time L</Description>
      <Address>0x14</Address>
      <Name>HBmi_l</Name>
      <Access>ReadWrite</Access>
    </Register>
    <Register>
      <Description>HB max on time H</Description>
      <Address>0x15</Address>
      <Name>HBmi_h</Name>
      <Access>ReadWrite</Access>
    </Register>
    <Register>
      <Description>HB min on time L</Description>
      <Address>0x16</Address>
      <Name>HBmx_l</Name>
      <Access>ReadWrite</Access>
    </Register>
    <Register>
      <Description>HB min on time H</Description>
      <Address>0x17</Address>
      <Name>HBmx_h</Name>
      <Access>ReadWrite</Access>
    </Register>
    <Register>
      <Description>Applicaiton Iout startup L</Description>
      <Address>0x18</Address>
      <Name>LLst_l</Name>
      <Access>ReadWrite</Access>
    </Register>
    <Register>
      <Description>Applicaiton Iout startup H</Description>
      <Address>0x19</Address>
      <Name>LLst_h</Name>
      <Access>ReadWrite</Access>
    </Register>
    <Register>
      <Description>PFC opti time L</Description>
      <Address>0x1A</Address>
      <Name>PFCopl</Name>
      <Access>ReadWrite</Access>
    </Register>
    <Register>
      <Description>PFC opti time H</Description>
      <Address>0x1B</Address>
      <Name>PFCoph</Name>
      <Access>ReadWrite</Access>
    </Register>
    <Register>
      <Description>PFC dac on emergency</Description>
      <Address>0x1C</Address>
      <Name>dac_em</Name>
      <Access>ReadWrite</Access>
    </Register>
    <Register>
      <Description>PFC dac when input voltage high</Description>
      <Address>0x1D</Address>
      <Name>dac_eu</Name>
      <Access>ReadWrite</Access>
    </Register>
    <Register>
      <Description>PFC dac when input voltage medium</Description>
      <Address>0x1E</Address>
      <Name>dac_dc</Name>
      <Access>ReadWrite</Access>
    </Register>
    <Register>
      <Description>PFC dac when input voltage low</Description>
      <Address>0x1F</Address>
      <Name>dac_us</Name>
      <Access>ReadWrite</Access>
    </Register>
    <Register>
      <Description>PFC Vac startup voltage L</Description>
      <Address>0x20</Address>
      <Name>Pmiusl</Name>
      <Access>ReadWrite</Access>
    </Register>
    <Register>
      <Description>PFC Vac startup voltage H</Description>
      <Address>0x21</Address>
      <Name>Pmiush</Name>
      <Access>ReadWrite</Access>
    </Register>
    <Register>
      <Description>PFC Vac UVLO voltage L</Description>
      <Address>0x22</Address>
      <Name>Puvusl</Name>
      <Access>ReadWrite</Access>
    </Register>
    <Register>
      <Description>PFC Vac UVLO voltage H</Description>
      <Address>0x23</Address>
      <Name>Puvush</Name>
      <Access>ReadWrite</Access>
    </Register>
    <Register>
      <Description>Vac high range L</Description>
      <Address>0x24</Address>
      <Name>Pineul</Name>
      <Access>ReadWrite</Access>
    </Register>
    <Register>
      <Description>Vac high range H</Description>
      <Address>0x25</Address>
      <Name>Pineuh</Name>
      <Access>ReadWrite</Access>
    </Register>
    <Register>
      <Description>Vac middle range L</Description>
      <Address>0x26</Address>
      <Name>Pin13l</Name>
      <Access>ReadWrite</Access>
    </Register>
    <Register>
      <Description>Vac middle range H</Description>
      <Address>0x27</Address>
      <Name>Pin13h</Name>
      <Access>ReadWrite</Access>
    </Register>
    <Register>
      <Description>Vac low range H</Description>
      <Address>0x28</Address>
      <Name>Pinusl</Name>
      <Access>ReadWrite</Access>
    </Register>
    <Register>
      <Description>Vac low range H</Description>
      <Address>0x29</Address>
      <Name>Pinush</Name>
      <Access>ReadWrite</Access>
    </Register>
    <Register>
      <Description>PFC output UVLO high range L</Description>
      <Address>0x2A</Address>
      <Name>Pvleul</Name>
      <Access>ReadWrite</Access>
    </Register>
    <Register>
      <Description>PFC output UVLO high range H</Description>
      <Address>0x2B</Address>
      <Name>Pvleuh</Name>
      <Access>ReadWrite</Access>
    </Register>
    <Register>
      <Description>PFC output UVLO medium range L</Description>
      <Address>0x2C</Address>
      <Name>Pvl13l</Name>
      <Access>ReadWrite</Access>
    </Register>
    <Register>
      <Description>PFC output UVLO medium range H</Description>
      <Address>0x2D</Address>
      <Name>Pvl13h</Name>
      <Access>ReadWrite</Access>
    </Register>
    <Register>
      <Description>PFC output UVLO low range L</Description>
      <Address>0x2E</Address>
      <Name>Pvlusl</Name>
      <Access>ReadWrite</Access>
    </Register>
    <Register>
      <Description>PFC output UVLO low range H</Description>
      <Address>0x2F</Address>
      <Name>Pvlush</Name>
      <Access>ReadWrite</Access>
    </Register>
    <Register>
      <Description>PFC start ON time L</Description>
      <Address>0x30</Address>
      <Name>Pstonl</Name>
      <Access>ReadWrite</Access>
    </Register>
    <Register>
      <Description>PFC start ON time H</Description>
      <Address>0x31</Address>
      <Name>Pstonh</Name>
      <Access>ReadWrite</Access>
    </Register>
    <Register>
      <Description>PFC start OFF time L</Description>
      <Address>0x32</Address>
      <Name>Pstofl</Name>
      <Access>ReadWrite</Access>
    </Register>
    <Register>
      <Description>PFC start OFF time H</Description>
      <Address>0x33</Address>
      <Name>Pstofh</Name>
      <Access>ReadWrite</Access>
    </Register>
    <Register>
      <Description>Time to detect AC missing</Description>
      <Address>0x34</Address>
      <Name>Paclw</Name>
      <Access>ReadWrite</Access>
    </Register>
    <Register>
      <Description>Output Voltage for No Load L</Description>
      <Address>0x35</Address>
      <Name>Hhnoll</Name>
      <Access>ReadWrite</Access>
    </Register>
    <Register>
      <Description>Output Voltage for No Load H</Description>
      <Address>0x36</Address>
      <Name>Hhnolh</Name>
      <Access>ReadWrite</Access>
    </Register>
    <Register>
      <Description>HB propagation delay time</Description>
      <Address>0x37</Address>
      <Name>Hpdt</Name>
      <Access>ReadWrite</Access>
    </Register>
    <Register>
      <Description>HB symmetry high side</Description>
      <Address>0x38</Address>
      <Name>Hsym</Name>
      <Access>ReadWrite</Access>
    </Register>
    <Register>
      <Description>HB Dead time</Description>
      <Address>0x39</Address>
      <Name>Hdet</Name>
      <Access>ReadWrite</Access>
    </Register>
    <Register>
      <Description>PFC P gain</Description>
      <Address>0x3A</Address>
      <Name>PPg</Name>
      <Access>ReadWrite</Access>
    </Register>
    <Register>
      <Description>PFC P scale</Description>
      <Address>0x3B</Address>
      <Name>PPs</Name>
      <Access>ReadWrite</Access>
    </Register>
    <Register>
      <Description>PFC I gain</Description>
      <Address>0x3C</Address>
      <Name>PIg</Name>
      <Access>ReadWrite</Access>
    </Register>
    <Register>
      <Description>PFC I scale</Description>
      <Address>0x3D</Address>
      <Name>PIs</Name>
      <Access>ReadWrite</Access>
    </Register>
    <Register>
      <Description>High level to trig PFC fast reaction L</Description>
      <Address>0x3E</Address>
      <Name>POVLl</Name>
      <Access>ReadWrite</Access>
    </Register>
    <Register>
      <Description>High level to trig PFC fast reaction H</Description>
      <Address>0x3F</Address>
      <Name>POVLh</Name>
      <Access>ReadWrite</Access>
    </Register>
    <Register>
      <Description>Low level to trig PFC fast reaction L</Description>
      <Address>0x40</Address>
      <Name>PUVLl</Name>
      <Access>ReadWrite</Access>
    </Register>
    <Register>
      <Description>Low level to trig PFC fast reaction H</Description>
      <Address>0x41</Address>
      <Name>PUVLh</Name>
      <Access>ReadWrite</Access>
    </Register>
    <Register>
      <Description>PFC fast reaction gain L</Description>
      <Address>0x42</Address>
      <Name>PFupl</Name>
      <Access>ReadWrite</Access>
    </Register>
    <Register>
      <Description>PFC fast reaction gain H</Description>
      <Address>0x43</Address>
      <Name>PFuph</Name>
      <Access>ReadWrite</Access>
    </Register>
    <Register>
      <Description>Voltage level to detect short L</Description>
      <Address>0x44</Address>
      <Name>Vsh_l</Name>
      <Access>ReadWrite</Access>
    </Register>
    <Register>
      <Description>Voltage level to detect short H</Description>
      <Address>0x45</Address>
      <Name>Vsh_h</Name>
      <Access>ReadWrite</Access>
    </Register>
    <Register>
      <Description>Temperature to shut down L</Description>
      <Address>0x46</Address>
      <Name>Tshd_l</Name>
      <Access>ReadWrite</Access>
    </Register>
    <Register>
      <Description>Temperature to shut down H</Description>
      <Address>0x47</Address>
      <Name>Tshd_h</Name>
      <Access>ReadWrite</Access>
    </Register>
    <Register>
      <Description>Over Temperature, decrease power L</Description>
      <Address>0x48</Address>
      <Name>Tovr_l</Name>
      <Access>ReadWrite</Access>
    </Register>
    <Register>
      <Description>Over Temperature, decrease power H</Description>
      <Address>0x49</Address>
      <Name>Tovr_h</Name>
      <Access>ReadWrite</Access>
    </Register>
    <Register>
      <Description>OT, decrease ll slope L</Description>
      <Address>0x4A</Address>
      <Name>Tlls_l</Name>
      <Access>ReadWrite</Access>
    </Register>
    <Register>
      <Description>OT, decrease ll slope H</Description>
      <Address>0x4B</Address>
      <Name>Tlls_h</Name>
      <Access>ReadWrite</Access>
    </Register>
    <Register>
      <Description>Iout compensation L</Description>
      <Address>0x4C</Address>
      <Name>llc_l</Name>
      <Access>ReadOnly</Access>
    </Register>
    <Register>
      <Description>Iout compensation H</Description>
      <Address>0x4D</Address>
      <Name>llc_h</Name>
      <Access>ReadOnly</Access>
    </Register>
    <Register>
      <Description>10V voltage L</Description>
      <Address>0x4E</Address>
      <Name>v10v_l</Name>
      <Access>ReadOnly</Access>
    </Register>
    <Register>
      <Description>10V voltage H</Description>
      <Address>0x4F</Address>
      <Name>v10v_h</Name>
      <Access>ReadOnly</Access>
    </Register>
    <Register>
      <Description>CLO slot 0 time</Description>
      <Address>0x55</Address>
      <Name>C00T</Name>
      <Access>ReadWrite</Access>
    </Register>
    <Register>
      <Description>CLO slot 0 increment</Description>
      <Address>0x56</Address>
      <Name>C00I</Name>
      <Access>ReadWrite</Access>
    </Register>
    <Register>
      <Description>CLO slot 1 time</Description>
      <Address>0x57</Address>
      <Name>C01T</Name>
      <Access>ReadWrite</Access>
    </Register>
    <Register>
      <Description>CLO slot 1 increment</Description>
      <Address>0x58</Address>
      <Name>C01I</Name>
      <Access>ReadWrite</Access>
    </Register>
    <Register>
      <Description>CLO slot 2 time</Description>
      <Address>0x59</Address>
      <Name>C02T</Name>
      <Access>ReadWrite</Access>
    </Register>
    <Register>
      <Description>CLO slot 2 increment</Description>
      <Address>0x5A</Address>
      <Name>C02I</Name>
      <Access>ReadWrite</Access>
    </Register>
    <Register>
      <Description>CLO slot 3 time</Description>
      <Address>0x5B</Address>
      <Name>C03T</Name>
      <Access>ReadWrite</Access>
    </Register>
    <Register>
      <Description>CLO slot 3 increment</Description>
      <Address>0x5C</Address>
      <Name>C03I</Name>
      <Access>ReadWrite</Access>
    </Register>
    <Register>
      <Description>CLO slot 4 time</Description>
      <Address>0x5D</Address>
      <Name>C04T</Name>
      <Access>ReadWrite</Access>
    </Register>
    <Register>
      <Description>CLO slot 4 increment</Description>
      <Address>0x5E</Address>
      <Name>C04I</Name>
      <Access>ReadWrite</Access>
    </Register>
    <Register>
      <Description>CLO slot 5 time</Description>
      <Address>0x5F</Address>
      <Name>C05T</Name>
      <Access>ReadWrite</Access>
    </Register>
    <Register>
      <Description>CLO slot 5 increment</Description>
      <Address>0x60</Address>
      <Name>C05I</Name>
      <Access>ReadWrite</Access>
    </Register>
    <Register>
      <Description>CLO slot 6 time</Description>
      <Address>0x61</Address>
      <Name>C06T</Name>
      <Access>ReadWrite</Access>
    </Register>
    <Register>
      <Description>CLO slot 6 increment</Description>
      <Address>0x62</Address>
      <Name>C06I</Name>
      <Access>ReadWrite</Access>
    </Register>
    <Register>
      <Description>CLO slot 7 time</Description>
      <Address>0x63</Address>
      <Name>C07T</Name>
      <Access>ReadWrite</Access>
    </Register>
    <Register>
      <Description>CLO slot 7 increment</Description>
      <Address>0x64</Address>
      <Name>C07I</Name>
      <Access>ReadWrite</Access>
    </Register>
    <Register>
      <Description>CLO slot 8 time</Description>
      <Address>0x65</Address>
      <Name>C08T</Name>
      <Access>ReadWrite</Access>
    </Register>
    <Register>
      <Description>CLO slot 8 increment</Description>
      <Address>0x66</Address>
      <Name>C08I</Name>
      <Access>ReadWrite</Access>
    </Register>
    <Register>
      <Description>CLO slot 9 time</Description>
      <Address>0x67</Address>
      <Name>C09T</Name>
      <Access>ReadWrite</Access>
    </Register>
    <Register>
      <Description>CLO slot 9 increment</Description>
      <Address>0x68</Address>
      <Name>C09I</Name>
      <Access>ReadWrite</Access>
    </Register>
    <Register>
      <Description>CLO slot 10 time</Description>
      <Address>0x69</Address>
      <Name>C10T</Name>
      <Access>ReadWrite</Access>
    </Register>
    <Register>
      <Description>CLO slot 10 increment</Description>
      <Address>0x6A</Address>
      <Name>C10I</Name>
      <Access>ReadWrite</Access>
    </Register>
    <Register>
      <Description>CLO slot 11 time</Description>
      <Address>0x6B</Address>
      <Name>C11T</Name>
      <Access>ReadWrite</Access>
    </Register>
    <Register>
      <Description>CLO slot 11 increment</Description>
      <Address>0x6C</Address>
      <Name>C11I</Name>
      <Access>ReadWrite</Access>
    </Register>
    <Register>
      <Description>CLO slot 12 time</Description>
      <Address>0x6D</Address>
      <Name>C12T</Name>
      <Access>ReadWrite</Access>
    </Register>
    <Register>
      <Description>CLO slot 12 increment</Description>
      <Address>0x6E</Address>
      <Name>C12I</Name>
      <Access>ReadWrite</Access>
    </Register>
    <Register>
      <Description>CLO slot 13 time</Description>
      <Address>0x6F</Address>
      <Name>C13T</Name>
      <Access>ReadWrite</Access>
    </Register>
    <Register>
      <Description>CLO slot 13 increment</Description>
      <Address>0x70</Address>
      <Name>C13I</Name>
      <Access>ReadWrite</Access>
    </Register>
    <Register>
      <Description>CLO slot 14 time</Description>
      <Address>0x71</Address>
      <Name>C14T</Name>
      <Access>ReadWrite</Access>
    </Register>
    <Register>
      <Description>CLO slot 14 increment</Description>
      <Address>0x72</Address>
      <Name>C14I</Name>
      <Access>ReadWrite</Access>
    </Register>
    <Register>
      <Description>CLO slot 15 time</Description>
      <Address>0x73</Address>
      <Name>C15T</Name>
      <Access>ReadWrite</Access>
    </Register>
    <Register>
      <Description>CLO slot 15 increment</Description>
      <Address>0x74</Address>
      <Name>C15I</Name>
      <Access>ReadWrite</Access>
    </Register>
    <Register>
      <Description>CLO board time 0</Description>
      <Address>0x51</Address>
      <Name>CT0</Name>
      <Access>ReadWrite</Access>
    </Register>
    <Register>
      <Description>CLO board time 1</Description>
      <Address>0x52</Address>
      <Name>CT1</Name>
      <Access>ReadWrite</Access>
    </Register>
    <Register>
      <Description>CLO board time 2</Description>
      <Address>0x53</Address>
      <Name>CT2</Name>
      <Access>ReadWrite</Access>
    </Register>
    <Register>
      <Description>CLO board time 3</Description>
      <Address>0x54</Address>
      <Name>CT3</Name>
      <Access>ReadWrite</Access>
    </Register>
    <Register>
      <Description>CLO flags</Description>
      <Address>0x50</Address>
      <Name>CF</Name>
      <Access>ReadWrite</Access>
    </Register>
    <Register>
      <Description>Hardware Version</Description>
      <Address>0x75</Address>
      <Name>ver_l</Name>
      <Access>ReadOnly</Access>
    </Register>
    <Register>
      <Description>Firmware Version</Description>
      <Address>0x76</Address>
      <Name>ver_h</Name>
      <Access>ReadOnly</Access>
    </Register>
    <Register>
      <Description>PFC library verson</Description>
      <Address>0x77</Address>
      <Name>PFC_v</Name>
      <Access>ReadOnly</Access>
    </Register>
    <Register>
      <Description>Half Bridge library version</Description>
      <Address>0x78</Address>
      <Name>HB__v</Name>
      <Access>ReadOnly</Access>
    </Register>
    <Field>
      <Description>Setup the application</Description>
      <FieldType>bitfield</FieldType>
      <Name>ILL066V2 Board Setup</Name>
      <StartAddress>Rst</StartAddress>
      <BitOffset>0</BitOffset>
      <Width>3</Width>
      <Update>false</Update>
      <Default>0</Default>
      <Min>0</Min>
      <Max>7</Max>
      <Dictionary>
        <value>1</value>
        <name>Reset the board</name>
      </Dictionary>
      <Dictionary>
        <value>2</value>
        <name>Enable the serial loader</name>
      </Dictionary>
      <Dictionary>
        <value>4</value>
        <name>Enable ROP register</name>
      </Dictionary>
    </Field>
    <Field>
      <Description>ILL066V2 Configuration field</Description>
      <FieldType>bitfield</FieldType>
      <Name>ILL066V2 Board Control</Name>
      <StartAddress>Appl</StartAddress>
      <BitOffset>0</BitOffset>
      <Width>8</Width>
      <Update>false</Update>
      <Default>00</Default>
      <Dictionary>
        <value>1</value>
        <name>Debug mode active</name>
      </Dictionary>
      <Dictionary>
        <value>2</value>
        <name>PFC enable</name>
      </Dictionary>
      <Dictionary>
        <value>4</value>
        <name>Half Bridge enable</name>
      </Dictionary>
      <Dictionary>
        <value>8</value>
        <name>DALI interface enable</name>
      </Dictionary>
      <Dictionary>
        <value>16</value>
        <name>0-10V interface enable</name>
      </Dictionary>
      <Dictionary>
        <value>32</value>
        <name>HB closed loop control</name>
      </Dictionary>
      <Dictionary>
        <value>64</value>
        <name>Iout vs Vout compensation</name>
      </Dictionary>
      <Dictionary>
        <value>128</value>
        <name>Reserved</name>
      </Dictionary>
    </Field>
    <Field>
      <Description>ILL066V2 status</Description>
      <FieldType>enumeration</FieldType>
      <Name>ILL066V2 board Error</Name>
      <StartAddress>Err</StartAddress>
      <BitOffset>0</BitOffset>
      <Width>8</Width>
      <Update>true</Update>
      <Dictionary>
        <value>0</value>
        <name>No Error</name>
      </Dictionary>
      <Dictionary>
        <value>1</value>
        <name>DALI stack error</name>
      </Dictionary>
      <Dictionary>
        <value>2</value>
        <name>Reset not from Power ON</name>
      </Dictionary>
      <Dictionary>
        <value>3</value>
        <name>PFC Over Current Protection</name>
      </Dictionary>
      <Dictionary>
        <value>4</value>
        <name>PFC input UVLO protection</name>
      </Dictionary>
      <Dictionary>
        <value>5</value>
        <name>HB_OCP0</name>
      </Dictionary>
      <Dictionary>
        <value>6</value>
        <name>Nu</name>
      </Dictionary>
      <Dictionary>
        <value>7</value>
        <name>Nu</name>
      </Dictionary>
      <Dictionary>
        <value>8</value>
        <name>Nu</name>
      </Dictionary>
      <Dictionary>
        <value>9</value>
        <name>Nu</name>
      </Dictionary>
      <Dictionary>
        <value>10</value>
        <name>PFC over time to start</name>
      </Dictionary>
      <Dictionary>
        <value>11</value>
        <name>Half Bridge time stamp error</name>
      </Dictionary>
      <Dictionary>
        <value>12</value>
        <name>FLASH write</name>
      </Dictionary>
      <Dictionary>
        <value>13</value>
        <name>FLASH write</name>
      </Dictionary>
      <Dictionary>
        <value>14</value>
        <name>No load detection</name>
      </Dictionary>
      <Dictionary>
        <value>15</value>
        <name>0-10V interfaces error</name>
      </Dictionary>
      <Dictionary>
        <value>16</value>
        <name>Output in short circuit</name>
      </Dictionary>
      <Dictionary>
        <value>17</value>
        <name>Thermal shut down</name>
      </Dictionary>
      <Dictionary>
        <value>18</value>
        <name>Debug mode active</name>
      </Dictionary>
      <Dictionary>
        <value>19</value>
        <name>Serial Loader not allowed</name>
      </Dictionary>
      <Dictionary>
        <value>20</value>
        <name>GPGUI Store CMD not implemented</name>
      </Dictionary>
      <Dictionary>
        <value>21</value>
        <name>GPGUI index receive not implemented</name>
      </Dictionary>
      <Dictionary>
        <value>22</value>
        <name>ROP active, no change allow</name>
      </Dictionary>
      <Dictionary>
        <value>23</value>
        <name>GPGUI Write an only read register</name>
      </Dictionary>
      <Dictionary>
        <value>24</value>
        <name>GPGUI Board configuration error</name>
      </Dictionary>
    </Field>
    <Field>
      <Description>output current</Description>
      <FieldType>integer</FieldType>
      <Name>Iout setup</Name>
      <StartAddress>ll_l</StartAddress>
      <BitOffset>0</BitOffset>
      <Width>12</Width>
      <Update>true</Update>
      <Default>539</Default>
      <Min>0</Min>
      <Max>4093</Max>
      <ConvertToField>value == 0 ? 0 : (value*1000) &lt; 10 ? 539 : (value*1000 &lt;= 441) ? ((value*1374)+524) : (((value*4012))-652)</ConvertToField>
      <ConvertFromField>value == 0 ? 0 : value &lt; 539 ? 10M/1000 : (value &lt;= 1125) ? (((value*728)/1000)-381)/1000 : (((value*249)/1000)+162)/1000</ConvertFromField>
      <Format>0.0## A</Format>
    </Field>
    <Field>
      <Description>Compensated Iout  (Temp, CLO or Vout)</Description>
      <FieldType>integer</FieldType>
      <Name>Compensated Iout (Temp, CLO or Vout)</Name>
      <StartAddress>llc_l</StartAddress>
      <BitOffset>0</BitOffset>
      <Width>12</Width>
      <Update>true</Update>
      <Default>0</Default>
      <ConvertToField>value == 0 ? 0 : (value*1000) &lt; 10 ? 539 : (value*1000 &lt;= 441) ? ((value*1374)+524) : (((value*4012))-652)</ConvertToField>
      <ConvertFromField>value == 0 ? 0 : value &lt; 539 ? 10M/1000 : (value &lt;= 1125) ? (((value*728)/1000)-381)/1000 : (((value*249)/1000)+162)/1000</ConvertFromField>
      <Format>0.0## A</Format>
    </Field>
    <Field>
      <Description>Vout voltage</Description>
      <FieldType>integer</FieldType>
      <Name>Vout voltage</Name>
      <StartAddress>Vou_l</StartAddress>
      <BitOffset>0</BitOffset>
      <Width>10</Width>
      <Update>true</Update>
      <Min>0</Min>
      <Max>1024</Max>
      <ConvertToField>(value * 8200) / 1000</ConvertToField>
      <ConvertFromField>(value / 8200) * 1000</ConvertFromField>
      <Format>##0.#  Vdc</Format>
    </Field>
    <Field>
      <Description>Board temperature</Description>
      <FieldType>integer</FieldType>
      <Name>Board Temperature</Name>
      <StartAddress>Temp_l</StartAddress>
      <BitOffset>0</BitOffset>
      <Width>16</Width>
      <Update>true</Update>
      <Min>0</Min>
      <Max>1301</Max>
      <ConvertToField>value / 10</ConvertToField>
      <ConvertFromField>value / 10</ConvertFromField>
      <Format>##.# Celsius</Format>
    </Field>
    <Field>
      <Description>Input AC voltage</Description>
      <FieldType>integer</FieldType>
      <Name>AC input voltage</Name>
      <StartAddress>Vin_l</StartAddress>
      <BitOffset>0</BitOffset>
      <Width>10</Width>
      <Update>true</Update>
      <Min>0</Min>
      <Max>1023</Max>
      <ConvertToField>((value / 318)) * 1000</ConvertToField>
      <ConvertFromField>((value * 318) / 1000)</ConvertFromField>
      <Format> ###.# Vac</Format>
    </Field>
    <Field>
      <FieldType>integer</FieldType>
      <Name>AC Line Frequency</Name>
      <StartAddress>Pfr</StartAddress>
      <BitOffset>0</BitOffset>
      <Width>8</Width>
      <Update>true</Update>
      <Min>80</Min>
      <Max>105</Max>
      <ConvertToField>(1/(value * 2))</ConvertToField>
      <ConvertFromField>((1/(value)) / 2 ) *10000</ConvertFromField>
      <Format>##.0 Hz</Format>
    </Field>
    <Field>
      <Description>PFC output voltage</Description>
      <FieldType>integer</FieldType>
      <Name>PFC output voltage</Name>
      <StartAddress>Vpfc_l</StartAddress>
      <BitOffset>0</BitOffset>
      <Width>16</Width>
      <Update>true</Update>
      <Min>0</Min>
      <Max>1025</Max>
      <ConvertToField>(value * 448) / 1000</ConvertToField>
      <ConvertFromField>(value * 448) / 1000</ConvertFromField>
      <Format> ###.# Vdc</Format>
    </Field>
    <Field>
      <Description>PFC on time</Description>
      <FieldType>integer</FieldType>
      <Name>PFC ON time - SMED5.S3</Name>
      <StartAddress>Ponl</StartAddress>
      <BitOffset>0</BitOffset>
      <Width>16</Width>
      <Update>true</Update>
      <Min>0</Min>
      <Max>1800</Max>
      <ConvertToField>(value * 1042)</ConvertToField>
      <ConvertFromField>((value) * 1042) / 100000</ConvertFromField>
      <Format>####.### uS</Format>
    </Field>
    <Field>
      <Description>PFC off time</Description>
      <FieldType>integer</FieldType>
      <Name>PFC OFF time - SMED4.S2</Name>
      <StartAddress>Pofl</StartAddress>
      <BitOffset>0</BitOffset>
      <Width>16</Width>
      <Update>true</Update>
      <Min>0</Min>
      <Max>64000</Max>
      <ConvertToField>(value * 1042)</ConvertToField>
      <ConvertFromField>(value * 1042) / 100000</ConvertFromField>
      <Format>####.### uS</Format>
    </Field>
    <Field>
      <Description>HB Cycle time</Description>
      <FieldType>integer</FieldType>
      <Name>HB Cycle time</Name>
      <StartAddress>HBf_l</StartAddress>
      <BitOffset>0</BitOffset>
      <Width>11</Width>
      <Update>true</Update>
      <Min>1</Min>
      <Max>1800</Max>
      <ConvertToField>(((((value+33+24)*2) +5) *10416 ) / 1000000)</ConvertToField>
      <ConvertFromField>(((((value+33+24)*2) +5) *10416 ) / 1000000)</ConvertFromField>
      <Format>###.### uS</Format>
    </Field>
    <Field>
      <Description>0-10V interfaces voltage</Description>
      <FieldType>integer</FieldType>
      <Name>0-10V interfaces voltage</Name>
      <StartAddress>v10v_l</StartAddress>
      <BitOffset>0</BitOffset>
      <Width>11</Width>
      <Update>true</Update>
      <Default>0</Default>
      <Min>0</Min>
      <Max>1023</Max>
      <Format>0.0## adc</Format>
    </Field>
    <Field>
      <Description>Hardware Version</Description>
      <FieldType>integer</FieldType>
      <Name>Hardware Version</Name>
      <StartAddress>ver_l</StartAddress>
      <BitOffset>0</BitOffset>
      <Width>8</Width>
      <Update>false</Update>
    </Field>
    <Field>
      <Description>Firmware version</Description>
      <FieldType>integer</FieldType>
      <Name>Firmware Version</Name>
      <StartAddress>ver_h</StartAddress>
      <BitOffset>0</BitOffset>
      <Width>8</Width>
      <Update>false</Update>
    </Field>
    <Field>
      <Description>PFC library version</Description>
      <FieldType>integer</FieldType>
      <Name>PFC library version</Name>
      <StartAddress>PFC_v</StartAddress>
      <BitOffset>0</BitOffset>
      <Width>8</Width>
      <Update>false</Update>
    </Field>
    <Field>
      <Description>Half Bridge library version</Description>
      <FieldType>integer</FieldType>
      <Name>Half Bridge library version</Name>
      <StartAddress>HB__v</StartAddress>
      <BitOffset>0</BitOffset>
      <Width>8</Width>
      <Update>false</Update>
    </Field>
    <Field>
      <Description>Iout startup when interfaces are disabled</Description>
      <FieldType>integer</FieldType>
      <Name>(P) Iout start when no I/F</Name>
      <StartAddress>LLst_l</StartAddress>
      <BitOffset>0</BitOffset>
      <Width>12</Width>
      <Update>false</Update>
      <Default>539</Default>
      <Min>1</Min>
      <Max>4093</Max>
      <ConvertToField>value == 0 ? 0 : (value*1000) &lt; 10 ? 539 : (value*1000 &lt;= 441) ? ((value*1374)+524) : (((value*4012))-652)</ConvertToField>
      <ConvertFromField>value == 0 ? 0 : value &lt; 539 ? 10M/1000 : (value &lt;= 1125) ? (((value*728)/1000)-381)/1000 : (((value*249)/1000)+162)/1000</ConvertFromField>
      <Format>0.0## A</Format>
    </Field>
    <Field>
      <Description>Max HB on time</Description>
      <FieldType>integer</FieldType>
      <Name>(P) Maximum HB on time</Name>
      <StartAddress>HBmi_l</StartAddress>
      <BitOffset>0</BitOffset>
      <Width>12</Width>
      <Update>false</Update>
      <Default>950</Default>
      <Min>300</Min>
      <Max>1176</Max>
      <ConvertToField>(((((value*1000000) / 10416) -5) /2) -33-24)</ConvertToField>
      <ConvertFromField>(((((value+33+24)*2) +5) *10416 ) / 1000000)</ConvertFromField>
      <Format>####.### uS</Format>
    </Field>
    <Field>
      <Description>Min HB on time</Description>
      <FieldType>integer</FieldType>
      <Name>(P) Minimum HB on time</Name>
      <StartAddress>HBmx_l</StartAddress>
      <BitOffset>0</BitOffset>
      <Width>9</Width>
      <Update>false</Update>
      <Default>61</Default>
      <Min>61</Min>
      <Max>260</Max>
      <ConvertToField>(((((value*1000000) / 10416) -5) /2) -33-24)</ConvertToField>
      <ConvertFromField>(((((value+33+24)*2) +5) *10416 ) / 1000000)</ConvertFromField>
      <Format>####.### uS</Format>
    </Field>
    <Field>
      <Description>PFC THD optimisation time</Description>
      <FieldType>integer</FieldType>
      <Name>(P) Pfc THD optimisation time (1 to disable)</Name>
      <StartAddress>PFCopl</StartAddress>
      <BitOffset>0</BitOffset>
      <Width>14</Width>
      <Update>false</Update>
      <Default>2000</Default>
      <Min>1</Min>
      <Max>9600</Max>
      <ConvertToField>(value / 10416) * 1000000</ConvertToField>
      <ConvertFromField>(value * 10416) / 1000000</ConvertFromField>
      <Format>###.### uS</Format>
    </Field>
    <Field>
      <Description>DAC level on emergency</Description>
      <FieldType>integer</FieldType>
      <Name>(P) DAC level on emergency</Name>
      <StartAddress>dac_em</StartAddress>
      <BitOffset>0</BitOffset>
      <Width>4</Width>
      <Update>false</Update>
      <Default>7</Default>
      <Min>4</Min>
      <Max>12</Max>
      <ConvertToField>value / 82 </ConvertToField>
      <ConvertFromField>value * 82</ConvertFromField>
      <Format>#### mV</Format>
    </Field>
    <Field>
      <Description>DAC level during high Vac</Description>
      <FieldType>integer</FieldType>
      <Name>(P) DAC level during high Vac</Name>
      <StartAddress>dac_eu</StartAddress>
      <BitOffset>0</BitOffset>
      <Width>4</Width>
      <Update>false</Update>
      <Default>8</Default>
      <Min>5</Min>
      <Max>13</Max>
      <ConvertToField>value / 82 </ConvertToField>
      <ConvertFromField>value * 82</ConvertFromField>
      <Format>#### mV</Format>
    </Field>
    <Field>
      <Description>DAC level during middle Vac</Description>
      <FieldType>integer</FieldType>
      <Name>(P) DAC level during middle Vac</Name>
      <StartAddress>dac_dc</StartAddress>
      <BitOffset>0</BitOffset>
      <Width>4</Width>
      <Update>false</Update>
      <Default>11</Default>
      <Min>6</Min>
      <Max>14</Max>
      <ConvertToField>value / 82 </ConvertToField>
      <ConvertFromField>value * 82 </ConvertFromField>
      <Format>#### mV</Format>
    </Field>
    <Field>
      <Description>DAC level during low Vac</Description>
      <FieldType>integer</FieldType>
      <Name>(P) DAC level during low Vac</Name>
      <StartAddress>dac_us</StartAddress>
      <BitOffset>0</BitOffset>
      <Width>4</Width>
      <Update>false</Update>
      <Default>13</Default>
      <Min>7</Min>
      <Max>15</Max>
      <ConvertToField>value / 82 </ConvertToField>
      <ConvertFromField>value * 82 </ConvertFromField>
      <Format>#### mV</Format>
    </Field>
    <Field>
      <Description>PFC Vac startup level</Description>
      <FieldType>integer</FieldType>
      <Name>(P) Vac startup level </Name>
      <StartAddress>Pmiusl</StartAddress>
      <BitOffset>0</BitOffset>
      <Width>12</Width>
      <Update>false</Update>
      <Default>269</Default>
      <Min>181</Min>
      <Max>1023</Max>
      <ConvertToField>((value / 318)) * 1000</ConvertToField>
      <ConvertFromField>((value * 318) / 1000)</ConvertFromField>
      <Format> ###.# Vac</Format>
    </Field>
    <Field>
      <Description>Vac UVLO voltage</Description>
      <FieldType>integer</FieldType>
      <Name>(P) Vac UVLO voltage</Name>
      <StartAddress>Puvusl</StartAddress>
      <BitOffset>0</BitOffset>
      <Width>10</Width>
      <Update>false</Update>
      <Default>267</Default>
      <Min>180</Min>
      <Max>1023</Max>
      <ConvertToField>((value / 318)) * 1000</ConvertToField>
      <ConvertFromField>((value * 318) / 1000)</ConvertFromField>
      <Format> ###.# Vac</Format>
    </Field>
    <Field>
      <FieldType>integer</FieldType>
      <Name>(P) Vac start high range zone</Name>
      <StartAddress>Pineul</StartAddress>
      <BitOffset>0</BitOffset>
      <Width>10</Width>
      <Update>false</Update>
      <Default>518</Default>
      <Min>181</Min>
      <Max>1023</Max>
      <ConvertToField>((value / 318)) * 1000</ConvertToField>
      <ConvertFromField>((value * 318) / 1000)</ConvertFromField>
      <Format> ###.# Vac</Format>
    </Field>
    <Field>
      <FieldType>integer</FieldType>
      <Name>(P) Vac start middle range zone</Name>
      <StartAddress>Pin13l</StartAddress>
      <BitOffset>0</BitOffset>
      <Width>10</Width>
      <Update>false</Update>
      <Default>422</Default>
      <Min>181</Min>
      <Max>1023</Max>
      <ConvertToField>((value / 318)) * 1000</ConvertToField>
      <ConvertFromField>((value * 318) / 1000)</ConvertFromField>
      <Format> ###.# Vac</Format>
    </Field>
    <Field>
      <Description>Vac start low range zone</Description>
      <FieldType>integer</FieldType>
      <Name>(P) Vac start low range zone</Name>
      <StartAddress>Pinusl</StartAddress>
      <BitOffset>0</BitOffset>
      <Width>10</Width>
      <Update>false</Update>
      <Default>251</Default>
      <Min>181</Min>
      <Max>1023</Max>
      <ConvertToField>((value / 318)) * 1000</ConvertToField>
      <ConvertFromField>((value * 318) / 1000)</ConvertFromField>
      <Format> ###.# Vac</Format>
    </Field>
    <Field>
      <Description>PFC output UVLO high range zone</Description>
      <FieldType>integer</FieldType>
      <Name>(P) PFC output UVLO high range zone</Name>
      <StartAddress>Pvleul</StartAddress>
      <BitOffset>0</BitOffset>
      <Width>10</Width>
      <Update>false</Update>
      <Default>329</Default>
      <Min>181</Min>
      <Max>1023</Max>
      <ConvertToField>((value *1000 ) / 448)</ConvertToField>
      <ConvertFromField>((value * 448) / 1000)</ConvertFromField>
      <Format> ###.# Vdc</Format>
    </Field>
    <Field>
      <Description>PFC output UVLO middle range zone</Description>
      <FieldType>integer</FieldType>
      <Name>(P) PFC output UVLO middle range zone</Name>
      <StartAddress>Pvl13l</StartAddress>
      <BitOffset>0</BitOffset>
      <Width>10</Width>
      <Update>false</Update>
      <Default>289</Default>
      <Min>181</Min>
      <Max>1023</Max>
      <ConvertToField>((value *1000 ) / 448)</ConvertToField>
      <ConvertFromField>((value * 448) / 1000)</ConvertFromField>
      <Format> ###.# Vdc</Format>
    </Field>
    <Field>
      <Description>PFC output UVLO low range zone</Description>
      <FieldType>integer</FieldType>
      <Name>(P) PFC output UVLO low range zone</Name>
      <StartAddress>Pvlusl</StartAddress>
      <BitOffset>0</BitOffset>
      <Width>10</Width>
      <Update>false</Update>
      <Default>189</Default>
      <Min>181</Min>
      <Max>1023</Max>
      <ConvertToField>((value *1000 ) / 448)</ConvertToField>
      <ConvertFromField>((value * 448) / 1000)</ConvertFromField>
      <Format> ###.# Vdc</Format>
    </Field>
    <Field>
      <Description>PFC Controlled ON time used during start-up</Description>
      <FieldType>integer</FieldType>
      <Name>(P) PFC Controlled ON time used during start-up</Name>
      <StartAddress>Pstonl</StartAddress>
      <BitOffset>0</BitOffset>
      <Width>12</Width>
      <Update>false</Update>
      <Default>70</Default>
      <Min>10</Min>
      <Max>2047</Max>
      <ConvertToField>(value / 1042) * 100000</ConvertToField>
      <ConvertFromField>(value * 1042) / 100000</ConvertFromField>
      <Format>####.### uS</Format>
    </Field>
    <Field>
      <Description>PFC Controlled OFF time used during start</Description>
      <FieldType>integer</FieldType>
      <Name>(P) PFC Controlled OFF time used during start</Name>
      <StartAddress>Pstofl</StartAddress>
      <BitOffset>0</BitOffset>
      <Width>9</Width>
      <Update>false</Update>
      <Default>1</Default>
      <Min>1</Min>
      <Max>336</Max>
      <ConvertToField>(value / 1042) * 100000</ConvertToField>
      <ConvertFromField>(value * 1042) / 100000</ConvertFromField>
      <Format>####.### uS</Format>
    </Field>
    <Field>
      <Description>Time to detect AC input missing</Description>
      <FieldType>integer</FieldType>
      <Name>(P) Time (mS) to detect AC missing</Name>
      <StartAddress>Paclw</StartAddress>
      <BitOffset>0</BitOffset>
      <Width>8</Width>
      <Update>false</Update>
      <Default>100</Default>
      <Min>2</Min>
      <Max>255</Max>
      <ConvertToField>(value)</ConvertToField>
      <ConvertFromField>value </ConvertFromField>
      <Format>### mS</Format>
    </Field>
    <Field>
      <Description>Output voltage to detect no load</Description>
      <FieldType>integer</FieldType>
      <Name>(P) Output voltage to detect no load</Name>
      <StartAddress>Hhnoll</StartAddress>
      <BitOffset>0</BitOffset>
      <Width>10</Width>
      <Update>false</Update>
      <Default>818</Default>
      <Min>300</Min>
      <Max>1023</Max>
      <ConvertToField>(value * 8150 ) / 1000</ConvertToField>
      <ConvertFromField>(value / 8150 ) * 1000</ConvertFromField>
      <Format>###.#  Vdc</Format>
    </Field>
    <Field>
      <Description>HB propagation delay time</Description>
      <FieldType>integer</FieldType>
      <Name>(P) HB propagation delay time</Name>
      <StartAddress>Hpdt</StartAddress>
      <BitOffset>0</BitOffset>
      <Width>7</Width>
      <Update>false</Update>
      <Default>30</Default>
      <Min>0</Min>
      <Max>100</Max>
      <ConvertToField>(value / 1042) * 100000</ConvertToField>
      <ConvertFromField>(value * 1042) / 100000</ConvertFromField>
      <Format>####.### uS</Format>
    </Field>
    <Field>
      <Description>HB high side symmetry time</Description>
      <FieldType>integer</FieldType>
      <Name>(P) HB high side symmetry time</Name>
      <StartAddress>Hsym</StartAddress>
      <BitOffset>0</BitOffset>
      <Width>5</Width>
      <Update>false</Update>
      <Default>4</Default>
      <Min>0</Min>
      <Max>20</Max>
      <ConvertToField>(value / 1042) * 100000</ConvertToField>
      <ConvertFromField>(value * 1042) / 100000</ConvertFromField>
      <Format>####.### uS</Format>
    </Field>
    <Field>
      <Description>HB dead time</Description>
      <FieldType>integer</FieldType>
      <Name>(P) HB dead time</Name>
      <StartAddress>Hdet</StartAddress>
      <BitOffset>0</BitOffset>
      <Width>8</Width>
      <Update>false</Update>
      <Default>33</Default>
      <Min>24</Min>
      <Max>192</Max>
      <ConvertToField>(value / 1042) * 100000</ConvertToField>
      <ConvertFromField>(value * 1042) / 100000</ConvertFromField>
      <Format>####.### uS</Format>
    </Field>
    <Field>
      <Description>PFC Proportional Gain</Description>
      <FieldType>integer</FieldType>
      <Name>(P) PFC Proportional Gain</Name>
      <StartAddress>PPg</StartAddress>
      <BitOffset>0</BitOffset>
      <Width>8</Width>
      <Update>false</Update>
      <Default>130</Default>
      <Min>1</Min>
      <Max>254</Max>
      <Format>### Prop Gain</Format>
    </Field>
    <Field>
      <Description>PFC proportional divisor</Description>
      <FieldType>integer</FieldType>
      <Name>(P) PFC Proportional divisor</Name>
      <StartAddress>PPs</StartAddress>
      <BitOffset>0</BitOffset>
      <Width>8</Width>
      <Update>false</Update>
      <Default>13</Default>
      <Min>1</Min>
      <Max>24</Max>
      <Format>### Prop Divisor</Format>
    </Field>
    <Field>
      <Description>PFC Integral Gain</Description>
      <FieldType>integer</FieldType>
      <Name>(P) PFC Integral Gain</Name>
      <StartAddress>PIg</StartAddress>
      <BitOffset>0</BitOffset>
      <Width>8</Width>
      <Update>false</Update>
      <Default>140</Default>
      <Min>1</Min>
      <Max>254</Max>
      <Format>### Integral Gain</Format>
    </Field>
    <Field>
      <Description>PFC Integral divisor</Description>
      <FieldType>integer</FieldType>
      <Name>(P) PFC Integral divisor</Name>
      <StartAddress>PIs</StartAddress>
      <BitOffset>0</BitOffset>
      <Width>8</Width>
      <Update>false</Update>
      <Default>15</Default>
      <Min>1</Min>
      <Max>24</Max>
      <Format>### Integral Divisor</Format>
    </Field>
    <Field>
      <Description>High level to trig PFC fast reaction</Description>
      <FieldType>integer</FieldType>
      <Name>(P) High level to trig PFC fast reaction</Name>
      <StartAddress>POVLl</StartAddress>
      <BitOffset>0</BitOffset>
      <Width>10</Width>
      <Update>false</Update>
      <Default>1023</Default>
      <Min>920</Min>
      <Max>1023</Max>
      <ConvertToField>((value *1000 ) / 448)</ConvertToField>
      <ConvertFromField>((value * 448) / 1000)</ConvertFromField>
      <Format> ###.# Vdc</Format>
    </Field>
    <Field>
      <Description>Low level to trig PFC fast reaction</Description>
      <FieldType>integer</FieldType>
      <Name>(P) Low level to trig PFC fast reaction</Name>
      <StartAddress>PUVLl</StartAddress>
      <BitOffset>0</BitOffset>
      <Width>10</Width>
      <Update>false</Update>
      <Default>850</Default>
      <Min>600</Min>
      <Max>900</Max>
      <ConvertToField>((value *1000 ) / 448)</ConvertToField>
      <ConvertFromField>((value * 448) / 1000)</ConvertFromField>
      <Format> ###.# Vdc</Format>
    </Field>
    <Field>
      <Description>PFC fast reaction gain</Description>
      <FieldType>integer</FieldType>
      <Name>(P) PFC fast reaction gain</Name>
      <StartAddress>PFupl</StartAddress>
      <BitOffset>0</BitOffset>
      <Width>14</Width>
      <Update>false</Update>
      <Default>500</Default>
      <Min>1</Min>
      <Max>10000</Max>
    </Field>
    <Field>
      <Description>Vout to detect short circuit</Description>
      <FieldType>integer</FieldType>
      <Name>(P) Vout to detect short circuit</Name>
      <StartAddress>Vsh_l</StartAddress>
      <BitOffset>0</BitOffset>
      <Width>10</Width>
      <Update>false</Update>
      <Default>100</Default>
      <Min>1</Min>
      <Max>1023</Max>
      <ConvertToField>(value * 8200) / 1000</ConvertToField>
      <ConvertFromField>(value / 8200) * 1000</ConvertFromField>
      <Format>###.#  Vdc</Format>
    </Field>
    <Field>
      <Description>Temperature to shut down</Description>
      <FieldType>integer</FieldType>
      <Name>(P) Temperature to shut down</Name>
      <StartAddress>Tshd_l</StartAddress>
      <BitOffset>0</BitOffset>
      <Width>11</Width>
      <Update>false</Update>
      <Default>900</Default>
      <Min>400</Min>
      <Max>1200</Max>
      <ConvertToField>value *10</ConvertToField>
      <ConvertFromField>value /10</ConvertFromField>
      <Format>###.# Celsius</Format>
    </Field>
    <Field>
      <Description>Temperature to trigger power reduction</Description>
      <FieldType>integer</FieldType>
      <Name>(P) Temperature to trigger power reduction</Name>
      <StartAddress>Tovr_l</StartAddress>
      <BitOffset>0</BitOffset>
      <Width>11</Width>
      <Update>false</Update>
      <Default>750</Default>
      <Min>300</Min>
      <Max>1200</Max>
      <ConvertToField>value *10</ConvertToField>
      <ConvertFromField>value /10</ConvertFromField>
      <Format>###.# Celsius</Format>
    </Field>
    <Field>
      <Description>ll slope when power reduction</Description>
      <FieldType>integer</FieldType>
      <Name>(P) ll slope when power reduction</Name>
      <StartAddress>Tlls_l</StartAddress>
      <BitOffset>0</BitOffset>
      <Width>16</Width>
      <Update>false</Update>
      <Default>100</Default>
      <Min>1</Min>
      <Max>1000</Max>
    </Field>
    <Field>
      <Description>CLO flags</Description>
      <FieldType>bitfield</FieldType>
      <Name>(C) CLO flags</Name>
      <StartAddress>CF</StartAddress>
      <BitOffset>0</BitOffset>
      <Width>2</Width>
      <Update>false</Update>
      <Default>0</Default>
      <Min>0</Min>
      <Max>3</Max>
      <Dictionary>
        <value>1</value>
        <name>Speed up time</name>
      </Dictionary>
      <Dictionary>
        <value>2</value>
        <name>Clear On board time</name>
      </Dictionary>
    </Field>
    <Field>
      <Description>CLO board time</Description>
      <FieldType>integer</FieldType>
      <Name>(C) CLO board time</Name>
      <StartAddress>CT0</StartAddress>
      <BitOffset>0</BitOffset>
      <Width>30</Width>
      <Update>true</Update>
      <Default>0</Default>
      <Min>0</Min>
      <Max>1073741823</Max>
      <ConvertToField>value * 3600</ConvertToField>
      <ConvertFromField>value / 3600</ConvertFromField>
      <Format> ######## hours</Format>
    </Field>
    <Field>
      <Description>CLO slot 0 time</Description>
      <FieldType>integer</FieldType>
      <Name>(C) CLO slot 0 time</Name>
      <StartAddress>C00T</StartAddress>
      <BitOffset>0</BitOffset>
      <Width>8</Width>
      <Update>false</Update>
      <Min>0</Min>
      <Max>100</Max>
      <Format>### K hours</Format>
    </Field>
    <Field>
      <Description>CLO slot 0 int</Description>
      <FieldType>integer</FieldType>
      <Name>(C) CLO slot 0 inc</Name>
      <StartAddress>C00I</StartAddress>
      <BitOffset>0</BitOffset>
      <Width>8</Width>
      <Update>false</Update>
      <Min>0</Min>
      <Max>20</Max>
      <Format>+##  increment</Format>
    </Field>
    <Field>
      <Description>CLO slot 1 time</Description>
      <FieldType>integer</FieldType>
      <Name>(C) CLO slot 1 time</Name>
      <StartAddress>C01T</StartAddress>
      <BitOffset>0</BitOffset>
      <Width>8</Width>
      <Update>false</Update>
      <Min>0</Min>
      <Max>100</Max>
      <Format>### K hours</Format>
    </Field>
    <Field>
      <Description>CLO slot 1 int</Description>
      <FieldType>integer</FieldType>
      <Name>(C) CLO slot 1 inc</Name>
      <StartAddress>C01I</StartAddress>
      <BitOffset>0</BitOffset>
      <Width>8</Width>
      <Update>false</Update>
      <Min>0</Min>
      <Max>20</Max>
      <Format>+## increment</Format>
    </Field>
    <Field>
      <Description>CLO slot 2 time</Description>
      <FieldType>integer</FieldType>
      <Name>(C) CLO slot 2 time</Name>
      <StartAddress>C02T</StartAddress>
      <BitOffset>0</BitOffset>
      <Width>8</Width>
      <Update>false</Update>
      <Min>0</Min>
      <Max>100</Max>
      <Format>### K hours</Format>
    </Field>
    <Field>
      <Description>CLO slot 2 int</Description>
      <FieldType>integer</FieldType>
      <Name>(C) CLO slot 2 inc</Name>
      <StartAddress>C02I</StartAddress>
      <BitOffset>0</BitOffset>
      <Width>8</Width>
      <Update>false</Update>
      <Min>0</Min>
      <Max>20</Max>
      <Format>+## increment</Format>
    </Field>
    <Field>
      <Description>CLO slot 3 time</Description>
      <FieldType>integer</FieldType>
      <Name>(C) CLO slot 3 time</Name>
      <StartAddress>C03T</StartAddress>
      <BitOffset>0</BitOffset>
      <Width>8</Width>
      <Update>false</Update>
      <Min>0</Min>
      <Max>100</Max>
      <Format>### K hours</Format>
    </Field>
    <Field>
      <Description>CLO slot 3 int</Description>
      <FieldType>integer</FieldType>
      <Name>(C) CLO slot 3 inc</Name>
      <StartAddress>C03I</StartAddress>
      <BitOffset>0</BitOffset>
      <Width>8</Width>
      <Update>false</Update>
      <Min>0</Min>
      <Max>20</Max>
      <Format>+## increment</Format>
    </Field>
    <Field>
      <Description>CLO slot 4 time</Description>
      <FieldType>integer</FieldType>
      <Name>(C) CLO slot 4 time</Name>
      <StartAddress>C04T</StartAddress>
      <BitOffset>0</BitOffset>
      <Width>8</Width>
      <Update>false</Update>
      <Min>0</Min>
      <Max>100</Max>
      <Format>### K hours</Format>
    </Field>
    <Field>
      <Description>CLO slot 4 int</Description>
      <FieldType>integer</FieldType>
      <Name>(C) CLO slot 4 inc</Name>
      <StartAddress>C04I</StartAddress>
      <BitOffset>0</BitOffset>
      <Width>8</Width>
      <Update>false</Update>
      <Min>0</Min>
      <Max>20</Max>
      <Format>+## increment</Format>
    </Field>
    <Field>
      <Description>CLO slot 5 time</Description>
      <FieldType>integer</FieldType>
      <Name>(C) CLO slot 5 time</Name>
      <StartAddress>C05T</StartAddress>
      <BitOffset>0</BitOffset>
      <Width>8</Width>
      <Update>false</Update>
      <Min>0</Min>
      <Max>100</Max>
      <Format>### K hours</Format>
    </Field>
    <Field>
      <Description>CLO slot 5 int</Description>
      <FieldType>integer</FieldType>
      <Name>(C) CLO slot 5 inc</Name>
      <StartAddress>C05I</StartAddress>
      <BitOffset>0</BitOffset>
      <Width>8</Width>
      <Update>false</Update>
      <Min>0</Min>
      <Max>20</Max>
      <Format>+## increment</Format>
    </Field>
    <Field>
      <Description>CLO slot 6 time</Description>
      <FieldType>integer</FieldType>
      <Name>(C) CLO slot 6 time</Name>
      <StartAddress>C06T</StartAddress>
      <BitOffset>0</BitOffset>
      <Width>8</Width>
      <Update>false</Update>
      <Min>0</Min>
      <Max>100</Max>
      <Format>### K hours</Format>
    </Field>
    <Field>
      <Description>CLO slot 6 int</Description>
      <FieldType>integer</FieldType>
      <Name>(C) CLO slot 6 inc</Name>
      <StartAddress>C06I</StartAddress>
      <BitOffset>0</BitOffset>
      <Width>8</Width>
      <Update>false</Update>
      <Min>0</Min>
      <Max>20</Max>
      <Format>+## increment</Format>
    </Field>
    <Field>
      <Description>CLO slot 7 time</Description>
      <FieldType>integer</FieldType>
      <Name>(C) CLO slot 7 time</Name>
      <StartAddress>C07T</StartAddress>
      <BitOffset>0</BitOffset>
      <Width>8</Width>
      <Update>false</Update>
      <Min>0</Min>
      <Max>100</Max>
      <Format>### K hours</Format>
    </Field>
    <Field>
      <Description>CLO slot 7 int</Description>
      <FieldType>integer</FieldType>
      <Name>(C) CLO slot 7 inc</Name>
      <StartAddress>C07I</StartAddress>
      <BitOffset>0</BitOffset>
      <Width>8</Width>
      <Update>false</Update>
      <Min>0</Min>
      <Max>20</Max>
      <Format>+## increment</Format>
    </Field>
    <Field>
      <Description>CLO slot 8 time</Description>
      <FieldType>integer</FieldType>
      <Name>(C) CLO slot 8 time</Name>
      <StartAddress>C08T</StartAddress>
      <BitOffset>0</BitOffset>
      <Width>8</Width>
      <Update>false</Update>
      <Min>0</Min>
      <Max>100</Max>
      <Format>### K hours</Format>
    </Field>
    <Field>
      <Description>CLO slot 8 int</Description>
      <FieldType>integer</FieldType>
      <Name>(C) CLO slot 8 inc</Name>
      <StartAddress>C08I</StartAddress>
      <BitOffset>0</BitOffset>
      <Width>8</Width>
      <Update>false</Update>
      <Min>0</Min>
      <Max>20</Max>
      <Format>+## increment</Format>
    </Field>
    <Field>
      <Description>CLO slot 9 time</Description>
      <FieldType>integer</FieldType>
      <Name>(C) CLO slot 9 time</Name>
      <StartAddress>C09T</StartAddress>
      <BitOffset>0</BitOffset>
      <Width>8</Width>
      <Update>false</Update>
      <Min>0</Min>
      <Max>100</Max>
      <Format>### K hours</Format>
    </Field>
    <Field>
      <Description>CLO slot 9 int</Description>
      <FieldType>integer</FieldType>
      <Name>(C) CLO slot 9 inc</Name>
      <StartAddress>C09I</StartAddress>
      <BitOffset>0</BitOffset>
      <Width>8</Width>
      <Update>false</Update>
      <Min>0</Min>
      <Max>20</Max>
      <Format>+## increment</Format>
    </Field>
    <Field>
      <Description>CLO slot 10 time</Description>
      <FieldType>integer</FieldType>
      <Name>(C) CLO slot 10 time</Name>
      <StartAddress>C10T</StartAddress>
      <BitOffset>0</BitOffset>
      <Width>8</Width>
      <Update>false</Update>
      <Min>0</Min>
      <Max>100</Max>
      <Format>### K hours</Format>
    </Field>
    <Field>
      <Description>CLO slot 10 int</Description>
      <FieldType>integer</FieldType>
      <Name>(C) CLO slot 10 inc</Name>
      <StartAddress>C10I</StartAddress>
      <BitOffset>0</BitOffset>
      <Width>8</Width>
      <Update>false</Update>
      <Min>0</Min>
      <Max>20</Max>
      <Format>+## increment</Format>
    </Field>
    <Field>
      <Description>CLO slot 11 time</Description>
      <FieldType>integer</FieldType>
      <Name>(C) CLO slot 11 time</Name>
      <StartAddress>C11T</StartAddress>
      <BitOffset>0</BitOffset>
      <Width>8</Width>
      <Update>false</Update>
      <Min>0</Min>
      <Max>100</Max>
      <Format>### K hours</Format>
    </Field>
    <Field>
      <Description>CLO slot 11 int</Description>
      <FieldType>integer</FieldType>
      <Name>(C) CLO slot 11 inc</Name>
      <StartAddress>C11I</StartAddress>
      <BitOffset>0</BitOffset>
      <Width>8</Width>
      <Update>false</Update>
      <Min>0</Min>
      <Max>20</Max>
      <Format>+## increment</Format>
    </Field>
    <Field>
      <Description>CLO slot 12 time</Description>
      <FieldType>integer</FieldType>
      <Name>(C) CLO slot 12 time</Name>
      <StartAddress>C12T</StartAddress>
      <BitOffset>0</BitOffset>
      <Width>8</Width>
      <Update>false</Update>
      <Min>0</Min>
      <Max>100</Max>
      <Format>### K hours</Format>
    </Field>
    <Field>
      <Description>CLO slot 12 int</Description>
      <FieldType>integer</FieldType>
      <Name>(C) CLO slot 12 inc</Name>
      <StartAddress>C12I</StartAddress>
      <BitOffset>0</BitOffset>
      <Width>8</Width>
      <Update>false</Update>
      <Min>0</Min>
      <Max>20</Max>
      <Format>+## increment</Format>
    </Field>
    <Field>
      <Description>CLO slot 13 time</Description>
      <FieldType>integer</FieldType>
      <Name>(C) CLO slot 13 time</Name>
      <StartAddress>C13T</StartAddress>
      <BitOffset>0</BitOffset>
      <Width>8</Width>
      <Update>false</Update>
      <Min>0</Min>
      <Max>100</Max>
      <Format>### K hours</Format>
    </Field>
    <Field>
      <Description>CLO slot 13 int</Description>
      <FieldType>integer</FieldType>
      <Name>(C) CLO slot 13 inc</Name>
      <StartAddress>C13I</StartAddress>
      <BitOffset>0</BitOffset>
      <Width>8</Width>
      <Update>false</Update>
      <Min>0</Min>
      <Max>20</Max>
      <Format>+## increment</Format>
    </Field>
    <Field>
      <Description>CLO slot 14 time</Description>
      <FieldType>integer</FieldType>
      <Name>(C) CLO slot 14 time</Name>
      <StartAddress>C14T</StartAddress>
      <BitOffset>0</BitOffset>
      <Width>8</Width>
      <Update>false</Update>
      <Min>0</Min>
      <Max>100</Max>
      <Format>### K hours</Format>
    </Field>
    <Field>
      <Description>CLO slot 14 int</Description>
      <FieldType>integer</FieldType>
      <Name>(C) CLO slot 14 inc</Name>
      <StartAddress>C14I</StartAddress>
      <BitOffset>0</BitOffset>
      <Width>8</Width>
      <Update>false</Update>
      <Min>0</Min>
      <Max>20</Max>
      <Format>+## increment</Format>
    </Field>
    <Field>
      <Description>CLO slot 15 time</Description>
      <FieldType>integer</FieldType>
      <Name>(C) CLO slot 15 time</Name>
      <StartAddress>C15T</StartAddress>
      <BitOffset>0</BitOffset>
      <Width>8</Width>
      <Update>false</Update>
      <Min>0</Min>
      <Max>100</Max>
      <Format>### K hours</Format>
    </Field>
    <Field>
      <Description>CLO slot 15 int</Description>
      <FieldType>integer</FieldType>
      <Name>(C) CLO slot 15 inc</Name>
      <StartAddress>C15I</StartAddress>
      <BitOffset>0</BitOffset>
      <Width>8</Width>
      <Update>false</Update>
      <Min>0</Min>
      <Max>20</Max>
      <Format>+## increment</Format>
    </Field>
  </Memory>
  <ShowRegisterMap>true</ShowRegisterMap>
</Component>
