<?xml version="1.0" encoding="utf-8"?>
<Component xmlns:xsi="http://www.w3.org/2001/XMLSchema-instance" xmlns:xsd="http://www.w3.org/2001/XMLSchema">
  <Description>STEVAL-ILL077V1 demoboards parameters</Description>
  <ProductID>0x234</ProductID>
  <Revision>0x1</Revision>
  <AddressMode>Parameter</AddressMode>
  <Memory>
    <RegisterSize>size_8bits</RegisterSize>
    <AddressSize>size_16bits</AddressSize>
    <Register>
      <Description>MultiString Operating Mode</Description>
      <Address>0x0</Address>
      <Name>MULTISTRING_OPMODE</Name>
      <Access>ReadWrite</Access>
    </Register>
    <Register>
      <Description>Multistring Configuration Register</Description>
      <Address>0x1</Address>
      <Name>MULTISTRING_CFG</Name>
      <Access>ReadWrite</Access>
    </Register>
    <Register>
      <Description>Multistring Configuration Power Sizes Register</Description>
      <Address>0x2</Address>
      <Name>MULTISTRING_CFGPWRSIZE</Name>
      <Access>ReadWrite</Access>
    </Register>
    <Register>
      <Description>Multistring Power Size Register</Description>
      <Address>0x3</Address>
      <Name>MULTISTRING_PWRSIZE</Name>
      <Access>ReadWrite</Access>
    </Register>
    <Register>
      <Description>Channels Dimming Mode</Description>
      <Address>0x4</Address>
      <Name>CHANNELS_DIMODE</Name>
      <Access>ReadWrite</Access>
    </Register>
    <Register>
      <Description>Channels Enable Register</Description>
      <Address>0x5</Address>
      <Name>CHANNELS_ENA</Name>
      <Access>ReadWrite</Access>
    </Register>
    <Register>
      <Description>Channels Enable</Description>
      <Address>0x6</Address>
      <Name>CHANNELS_CALIB</Name>
      <Access>ReadWrite</Access>
    </Register>
    <Register>
      <Description>Multistring status error low</Description>
      <Address>0x7</Address>
      <Name>MULTISTRING_STATERR_L</Name>
      <Access>ReadOnly</Access>
    </Register>
    <Register>
      <Description>Multistring status error high</Description>
      <Address>0x8</Address>
      <Name>MULTISTRING_STATERR_H</Name>
      <Access>ReadOnly</Access>
    </Register>
    <Register>
      <Description>Set Channel #0 Maximum Voltage String low</Description>
      <Address>0x9</Address>
      <Name>CH00_MAXVOLT_L</Name>
      <Access>ReadWrite</Access>
    </Register>
    <Register>
      <Description>Set Channel #0 Maximum Voltage String high</Description>
      <Address>0xA</Address>
      <Name>CH00_MAXVOLT_H</Name>
      <Access>ReadWrite</Access>
    </Register>
    <Register>
      <Description>Set Channel #1 Maximum Voltage String low </Description>
      <Address>0xB</Address>
      <Name>CH01_MAXVOLT_L</Name>
      <Access>ReadWrite</Access>
    </Register>
    <Register>
      <Description>Set Channel #1 Maximum Voltage String high</Description>
      <Address>0xC</Address>
      <Name>CH01_MAXVOLT_H</Name>
      <Access>ReadWrite</Access>
    </Register>
    <Register>
      <Description>Set Channel #2 Maximum Voltage String low</Description>
      <Address>0xD</Address>
      <Name>CH02_MAXVOLT_L</Name>
      <Access>ReadWrite</Access>
    </Register>
    <Register>
      <Description>Set Channel #2 Maximum Voltage String high</Description>
      <Address>0xE</Address>
      <Name>CH02_MAXVOLT_H</Name>
      <Access>ReadWrite</Access>
    </Register>
    <Register>
      <Description>Set Channel #0 Maximum Average Current low</Description>
      <Address>0xF</Address>
      <Name>CH00_MAXAVGCURR_L</Name>
      <Access>ReadWrite</Access>
    </Register>
    <Register>
      <Description>Set Channel #0 Maximum Average Current high</Description>
      <Address>0x10</Address>
      <Name>CH00_MAXAVGCURR_H</Name>
      <Access>ReadWrite</Access>
    </Register>
    <Register>
      <Description>Set Channel #1 Maximum Average Current low</Description>
      <Address>0x11</Address>
      <Name>CH01_MAXAVGCURR_L</Name>
      <Access>ReadWrite</Access>
    </Register>
    <Register>
      <Description>Set Channel #1 Maximum Average Current high</Description>
      <Address>0x12</Address>
      <Name>CH01_MAXAVGCURR_H</Name>
      <Access>ReadWrite</Access>
    </Register>
    <Register>
      <Description>Set Channel #2 Maximum Average Current String low</Description>
      <Address>0x13</Address>
      <Name>CH02_MAXAVGCURR_L</Name>
      <Access>ReadWrite</Access>
    </Register>
    <Register>
      <Description>Set Channel #2 Maximum Average Current String high</Description>
      <Address>0x14</Address>
      <Name>CH02_MAXAVGCURR_H</Name>
      <Access>ReadWrite</Access>
    </Register>
    <Register>
      <Description>Set Channel #0 Average Current low</Description>
      <Address>0x15</Address>
      <Name>CH00_AVGCURR_L</Name>
      <Access>ReadWrite</Access>
    </Register>
    <Register>
      <Description>Set Channel #0 Average Current high</Description>
      <Address>0x16</Address>
      <Name>CH00_AVGCURR_H</Name>
      <Access>ReadWrite</Access>
    </Register>
    <Register>
      <Description>Set Channel #1 Average Current low</Description>
      <Address>0x17</Address>
      <Name>CH01_AVGCURR_L</Name>
      <Access>ReadWrite</Access>
    </Register>
    <Register>
      <Description>Set Channel #1 Average Current high</Description>
      <Address>0x18</Address>
      <Name>CH01_AVGCURR_H</Name>
      <Access>ReadWrite</Access>
    </Register>
    <Register>
      <Description>Set Channel #2 Average Current low</Description>
      <Address>0x19</Address>
      <Name>CH02_AVGCURR_L</Name>
      <Access>ReadWrite</Access>
    </Register>
    <Register>
      <Description>Set Channel #2 Average Current high</Description>
      <Address>0x1A</Address>
      <Name>CH02_AVGCURR_H</Name>
      <Access>ReadWrite</Access>
    </Register>
    <Register>
      <Description>Channels Turn On-Off</Description>
      <Address>0x1B</Address>
      <Name>CHANNELS_TURNON</Name>
      <Access>ReadWrite</Access>
    </Register>
    <Register>
      <Description>Channel #0 Status  Error</Description>
      <Address>0x1C</Address>
      <Name>CH00_STATUSERR</Name>
      <Access>ReadOnly</Access>
    </Register>
    <Register>
      <Description>Channel #1 Status  Error</Description>
      <Address>0x1D</Address>
      <Name>CH01_STATUSERR</Name>
      <Access>ReadOnly</Access>
    </Register>
    <Register>
      <Description>Channel #2 Status  Error</Description>
      <Address>0x1E</Address>
      <Name>CH02_STATUSERR</Name>
      <Access>ReadOnly</Access>
    </Register>
    <Register>
      <Description>Serial DownLoad</Description>
      <Address>0x1F</Address>
      <Name>SERIAL_DOWNLOAD</Name>
      <Access>ReadWrite</Access>
    </Register>
    <Field>
      <Description>MultiString Operating Mode</Description>
      <FieldType>enumeration</FieldType>
      <Name>MULTISTRING_OPMODE</Name>
      <StartAddress>MULTISTRING_OPMODE</StartAddress>
      <BitOffset>0</BitOffset>
      <Width>1</Width>
      <Update>false</Update>
      <Dictionary>
        <value>0</value>
        <name>Debug</name>
      </Dictionary>
      <Dictionary>
        <value>1</value>
        <name>Normal</name>
      </Dictionary>
    </Field>
    <Field>
      <Description>Multistring Configuration Register</Description>
      <FieldType>bitfield</FieldType>
      <Name>MULTISTRING_CFG</Name>
      <StartAddress>MULTISTRING_CFG</StartAddress>
      <BitOffset>0</BitOffset>
      <Width>5</Width>
      <Update>false</Update>
      <Dictionary>
        <value>1</value>
        <name>0-Uart Com, 1-Dali Com</name>
      </Dictionary>
      <Dictionary>
        <value>2</value>
        <name>0-Two Strings,1-Three Strings</name>
      </Dictionary>
      <Dictionary>
        <value>4</value>
        <name>Bit 0 Power Size Index</name>
      </Dictionary>
      <Dictionary>
        <value>8</value>
        <name>Bit 1 Power Size Index</name>
      </Dictionary>
      <Dictionary>
        <value>16</value>
        <name>Bit 2 Power Size Index</name>
      </Dictionary>
    </Field>
    <Field>
      <Description>Multistring Configuration Power Sizes Register</Description>
      <FieldType>bitfield</FieldType>
      <Name>MULTISTRING_CFGPWRSIZE</Name>
      <StartAddress>MULTISTRING_CFGPWRSIZE</StartAddress>
      <BitOffset>0</BitOffset>
      <Width>8</Width>
      <Update>false</Update>
      <Dictionary>
        <value>1</value>
        <name>Bit 0 Selection Index Power Size</name>
      </Dictionary>
      <Dictionary>
        <value>2</value>
        <name>Bit 1 Selection Index Power Size</name>
      </Dictionary>
      <Dictionary>
        <value>4</value>
        <name>Bit 2 Selection Index Power Size</name>
      </Dictionary>
      <Dictionary>
        <value>8</value>
        <name>0-Read Power Size, 1-Write Power Size</name>
      </Dictionary>
      <Dictionary>
        <value>16</value>
        <name>Bit 0 Power Sizes Number</name>
      </Dictionary>
      <Dictionary>
        <value>32</value>
        <name>Bit 1 Power Sizes Number</name>
      </Dictionary>
      <Dictionary>
        <value>64</value>
        <name>Bit 2 Power Sizes Number</name>
      </Dictionary>
      <Dictionary>
        <value>128</value>
        <name>Bit 3 Power Sizes Number</name>
      </Dictionary>
    </Field>
    <Field>
      <Description>Multistring Power Size Value</Description>
      <FieldType>integer</FieldType>
      <Name>MULTISTRING_PWRSIZE</Name>
      <StartAddress>MULTISTRING_PWRSIZE</StartAddress>
      <BitOffset>0</BitOffset>
      <Width>8</Width>
      <Update>false</Update>
      <Default>10</Default>
      <Min>10</Min>
      <Max>70</Max>
    </Field>
    <Field>
      <Description>Channels Dimming Mode</Description>
      <FieldType>bitfield</FieldType>
      <Name>CHANNELS_DIMODE</Name>
      <StartAddress>CHANNELS_DIMODE</StartAddress>
      <BitOffset>0</BitOffset>
      <Width>3</Width>
      <Update>false</Update>
      <Dictionary>
        <value>1</value>
        <name>0-CH00 Analog Dimming, 1-CH00 Digital Dimming</name>
      </Dictionary>
      <Dictionary>
        <value>2</value>
        <name>0-CH01 Analog Dimming,1-CH01 Digital Dimming</name>
      </Dictionary>
      <Dictionary>
        <value>4</value>
        <name>0-CH02 Analog Dimming, 1-CH02 Digital Dimming</name>
      </Dictionary>
    </Field>
    <Field>
      <Description>Channels Enable Register</Description>
      <FieldType>bitfield</FieldType>
      <Name>CHANNELS_ENA</Name>
      <StartAddress>CHANNELS_ENA</StartAddress>
      <BitOffset>0</BitOffset>
      <Width>3</Width>
      <Update>false</Update>
      <Dictionary>
        <value>1</value>
        <name>0-CH00 Disable,1-CH00 Enable</name>
      </Dictionary>
      <Dictionary>
        <value>2</value>
        <name>0-CH01 Disable,1-CH01 Enable</name>
      </Dictionary>
      <Dictionary>
        <value>4</value>
        <name>0-CH02 Disable,1-CH02 Enable</name>
      </Dictionary>
    </Field>
    <Field>
      <Description>Channels Enable</Description>
      <FieldType>bitfield</FieldType>
      <Name>CHANNELS_CALIB</Name>
      <StartAddress>CHANNELS_CALIB</StartAddress>
      <BitOffset>0</BitOffset>
      <Width>3</Width>
      <Update>false</Update>
      <Dictionary>
        <value>1</value>
        <name>0-CH00 No Calibration,1-CH00 Calibration</name>
      </Dictionary>
      <Dictionary>
        <value>2</value>
        <name>0-CH01 No Calibration,1-CH01 Calibration</name>
      </Dictionary>
      <Dictionary>
        <value>4</value>
        <name>0-CH02 No Calibration,1-CH02 Calibration</name>
      </Dictionary>
    </Field>
    <Field>
      <Description>Multistring Status Errors</Description>
      <FieldType>bitfield</FieldType>
      <Name>MULTISTRING_STATERR</Name>
      <StartAddress>MULTISTRING_STATERR_L</StartAddress>
      <BitOffset>0</BitOffset>
      <Width>16</Width>
      <Update>false</Update>
      <Default>0</Default>
      <Dictionary>
        <value>1</value>
        <name>ADC TimeOut</name>
      </Dictionary>
      <Dictionary>
        <value>2</value>
        <name>Power OverLoad</name>
      </Dictionary>
      <Dictionary>
        <value>4</value>
        <name>Led Power Supply out of range</name>
      </Dictionary>
      <Dictionary>
        <value>8</value>
        <name>Driver Power Supply out of range</name>
      </Dictionary>
      <Dictionary>
        <value>16</value>
        <name>STNRG388 Power Supply out of range</name>
      </Dictionary>
      <Dictionary>
        <value>32</value>
        <name>Led Temperature out of range</name>
      </Dictionary>
      <Dictionary>
        <value>64</value>
        <name>PLL no lock failure</name>
      </Dictionary>
      <Dictionary>
        <value>128</value>
        <name>Eeprom access failure</name>
      </Dictionary>
      <Dictionary>
        <value>256</value>
        <name>Dali failure</name>
      </Dictionary>
    </Field>
    <Field>
      <Description>Set Channel #0 Maximum Voltage String</Description>
      <FieldType>integer</FieldType>
      <Name>CH00_MAXVOLT</Name>
      <StartAddress>CH00_MAXVOLT_L</StartAddress>
      <BitOffset>0</BitOffset>
      <Width>16</Width>
      <Update>false</Update>
      <Default>44000</Default>
      <Min>3000</Min>
      <Max>44000</Max>
    </Field>
    <Field>
      <Description>Set Channel #1 Maximum Voltage String </Description>
      <FieldType>integer</FieldType>
      <Name>CH01_MAXVOLT</Name>
      <StartAddress>CH01_MAXVOLT_L</StartAddress>
      <BitOffset>0</BitOffset>
      <Width>16</Width>
      <Update>false</Update>
      <Default>44000</Default>
      <Min>3000</Min>
      <Max>44000</Max>
    </Field>
    <Field>
      <Description>Set Channel #2 Maximum Voltage String</Description>
      <FieldType>integer</FieldType>
      <Name>CH02_MAXVOLT</Name>
      <StartAddress>CH02_MAXVOLT_L</StartAddress>
      <BitOffset>0</BitOffset>
      <Width>16</Width>
      <Update>false</Update>
      <Default>44000</Default>
      <Min>3000</Min>
      <Max>44000</Max>
    </Field>
    <Field>
      <Description>Set Channel #0 Maximum Average Current</Description>
      <FieldType>integer</FieldType>
      <Name>CH00_MAXAVGCURR</Name>
      <StartAddress>CH00_MAXAVGCURR_L</StartAddress>
      <BitOffset>0</BitOffset>
      <Width>16</Width>
      <Update>false</Update>
      <Default>100</Default>
      <Min>100</Min>
      <Max>700</Max>
    </Field>
    <Field>
      <Description>Set Channel #1 Maximum Average Current</Description>
      <FieldType>integer</FieldType>
      <Name>CH01_MAXAVGCURR</Name>
      <StartAddress>CH01_MAXAVGCURR_L</StartAddress>
      <BitOffset>0</BitOffset>
      <Width>16</Width>
      <Update>false</Update>
      <Default>100</Default>
      <Min>100</Min>
      <Max>700</Max>
    </Field>
    <Field>
      <Description>Set Channel #2 Maximum Average Current String</Description>
      <FieldType>integer</FieldType>
      <Name>CH02_MAXAVGCURR</Name>
      <StartAddress>CH02_MAXAVGCURR_L</StartAddress>
      <BitOffset>0</BitOffset>
      <Width>16</Width>
      <Update>false</Update>
      <Default>100</Default>
      <Min>100</Min>
      <Max>700</Max>
    </Field>
    <Field>
      <Description>Set Channel #0 Average Current</Description>
      <FieldType>integer</FieldType>
      <Name>CH00_AVGCURR</Name>
      <StartAddress>CH00_AVGCURR_L</StartAddress>
      <BitOffset>0</BitOffset>
      <Width>16</Width>
      <Update>false</Update>
      <Default>0</Default>
      <Min>0</Min>
      <Max>700</Max>
    </Field>
    <Field>
      <Description>Set Channel #1 Average Current </Description>
      <FieldType>integer</FieldType>
      <Name>CH01_AVGCURR</Name>
      <StartAddress>CH01_AVGCURR_L</StartAddress>
      <BitOffset>0</BitOffset>
      <Width>16</Width>
      <Update>false</Update>
      <Default>0</Default>
      <Min>0</Min>
      <Max>700</Max>
    </Field>
    <Field>
      <Description>Set Channel #2 Average Current </Description>
      <FieldType>integer</FieldType>
      <Name>CH02_AVGCURR</Name>
      <StartAddress>CH02_AVGCURR_L</StartAddress>
      <BitOffset>0</BitOffset>
      <Width>16</Width>
      <Update>false</Update>
      <Default>0</Default>
      <Min>0</Min>
      <Max>700</Max>
    </Field>
    <Field>
      <Description>Channels Turn On-Off</Description>
      <FieldType>bitfield</FieldType>
      <Name>CHANNELS_TURNON</Name>
      <StartAddress>CHANNELS_TURNON</StartAddress>
      <BitOffset>0</BitOffset>
      <Width>3</Width>
      <Update>false</Update>
      <Dictionary>
        <value>1</value>
        <name>0-CH00 Turn Off, 1-CH00 Turn On</name>
      </Dictionary>
      <Dictionary>
        <value>2</value>
        <name>0-CH01 Turn Off, 1-CH01 Turn On</name>
      </Dictionary>
      <Dictionary>
        <value>4</value>
        <name>0-CH02 Turn Off, 1-CH02 Turn On</name>
      </Dictionary>
    </Field>
    <Field>
      <Description>Channel #0 Status  Error</Description>
      <FieldType>bitfield</FieldType>
      <Name>CH00_STATUSERR</Name>
      <StartAddress>CH00_STATUSERR</StartAddress>
      <BitOffset>0</BitOffset>
      <Width>5</Width>
      <Update>false</Update>
      <Dictionary>
        <value>1</value>
        <name>Led String Error</name>
      </Dictionary>
      <Dictionary>
        <value>2</value>
        <name>Over Current Failure</name>
      </Dictionary>
      <Dictionary>
        <value>4</value>
        <name>Open Circuit Failure</name>
      </Dictionary>
      <Dictionary>
        <value>8</value>
        <name>Demagnetization Failure</name>
      </Dictionary>
      <Dictionary>
        <value>16</value>
        <name>Over Voltage Failure</name>
      </Dictionary>
    </Field>
    <Field>
      <Description>Channel #1 Status  Error</Description>
      <FieldType>bitfield</FieldType>
      <Name>CH01_STATUSERR</Name>
      <StartAddress>CH01_STATUSERR</StartAddress>
      <BitOffset>0</BitOffset>
      <Width>5</Width>
      <Update>false</Update>
      <Dictionary>
        <value>1</value>
        <name>Led String Error</name>
      </Dictionary>
      <Dictionary>
        <value>2</value>
        <name>Over Current Failure</name>
      </Dictionary>
      <Dictionary>
        <value>4</value>
        <name>Open Circuit Failure</name>
      </Dictionary>
      <Dictionary>
        <value>8</value>
        <name>Demagnetization Failure</name>
      </Dictionary>
      <Dictionary>
        <value>16</value>
        <name>Over Voltage Failure</name>
      </Dictionary>
    </Field>
    <Field>
      <Description>Channel #2 Status  Error</Description>
      <FieldType>bitfield</FieldType>
      <Name>CH02_STATUSERR</Name>
      <StartAddress>CH02_STATUSERR</StartAddress>
      <BitOffset>0</BitOffset>
      <Width>5</Width>
      <Update>false</Update>
      <Dictionary>
        <value>1</value>
        <name>Led String Error</name>
      </Dictionary>
      <Dictionary>
        <value>2</value>
        <name>Over Current Failure</name>
      </Dictionary>
      <Dictionary>
        <value>4</value>
        <name>Open Circuit Failure</name>
      </Dictionary>
      <Dictionary>
        <value>8</value>
        <name>Demagnetization Failure</name>
      </Dictionary>
      <Dictionary>
        <value>16</value>
        <name>Over Voltage Failure</name>
      </Dictionary>
    </Field>
    <Field>
      <Description>Serial Download enable/disable </Description>
      <FieldType>enumeration</FieldType>
      <Name>SERIAL_DOWNLOAD</Name>
      <StartAddress>SERIAL_DOWNLOAD</StartAddress>
      <BitOffset>0</BitOffset>
      <Width>1</Width>
      <Update>false</Update>
      <Default>0</Default>
      <Dictionary>
        <value>0</value>
        <name>Disable</name>
      </Dictionary>
      <Dictionary>
        <value>1</value>
        <name>Enable</name>
      </Dictionary>
    </Field>
  </Memory>
  <ShowRegisterMap>true</ShowRegisterMap>
</Component>