<?xml version="1.0" encoding="utf-8"?>
<Component xmlns:xsi="http://www.w3.org/2001/XMLSchema-instance" xmlns:xsd="http://www.w3.org/2001/XMLSchema">
  <Description>STEVAL-ILL077V1 demoboard error codes</Description>
  <ProductID>0x234</ProductID>
  <Revision>0x1</Revision>
  <Error code="1">Command not allowed in Operating Normal Mode</Error>
  <Error code="2">EEPROM write error - Parameter configuration failed</Error>
  <Error code="3">Number of power sizes less than the index</Error>
  <Error code="4">Wrong access type to power size register</Error>
  <Error code="5">Strings cannot be enabled because a power overload failure is set</Error>
  <Error code="6">String cannot be enabled because only two strings are handled</Error>
  <Error code="7">Calibration command not allowed is DEBUG mode</Error>
  <Error code="8">Cannot turn on channels</Error>
  <Error code="9">Cannot set channels dimming modes</Error>
  <Error code="10">Cannot set multistring operating mode</Error>
  <Error code="11">Cannot set channels average current</Error>
  <Error code="12">Cannot set Channels Calibration</Error>
  <Error code="13">Number of maximum power sizes greater than allowed </Error>
  <Error code="14">Average current less than allowed minimum value </Error>
  <Error code="15">Cannot turn on CH0 : Set current lower than minimum allowed value</Error>
  <Error code="16">Cannot turn on CH1 : Set current lower than minimum allowed value</Error>
  <Error code="17">Cannot turn on CH2 : Set current lower than minimum allowed value</Error>
  <Error code="18">EEPROM write error - Option byte write failed</Error>
</Component>