<?xml version="1.0" encoding="utf-8"?>
<Component xmlns:xsi="http://www.w3.org/2001/XMLSchema-instance" xmlns:xsd="http://www.w3.org/2001/XMLSchema">
  <Description>Error file</Description>
  <ProductID>0x124</ProductID>
  <Revision>0x1</Revision>
  <Error code="1">DALI error</Error>
  <Error code="2">Reset not from Power ON</Error>
  <Error code="3">PFC Over Current detection</Error>
  <Error code="4">PFC input uvlo protection</Error>
  <Error code="5">Not used</Error>
  <Error code="6">Not used</Error>
  <Error code="7">Not used</Error>
  <Error code="8">Not used</Error>
  <Error code="9">Not used</Error>
  <Error code="10">PFC over time to start</Error>
  <Error code="11">Half Bridge time stamp error</Error>
  <Error code="12">FLASH write error</Error>
  <Error code="13">FLASH write error</Error>
  <Error code="14">Half Bridge - No load detection</Error>
  <Error code="15">0-10V interface broken</Error>
  <Error code="16">Output in short circuit</Error>
  <Error code="17">Thermal Shut Down</Error>
  <Error code="18">Debug mode active</Error>
  <Error code="19">Serial Loader not allowed</Error>
  <Error code="20">Store CMD not implemented</Error>
  <Error code="21">Received INDEX not implemented</Error>
  <Error code="22">ROP actived, no change allowed</Error>
  <Error code="23">GPGUI write an only read register</Error>
  <Error code="24">Board configuration error</Error>
</Component>